name,type1,type2,speed,attack,defense,speed_n,attack_n,defense_n,power,speed_b,attack_b,defense_b
Bulbasaur,grass,poison,45,49,49,0.25,0.264864865,0.213043478,0.727908343,0.343449835,0.363871176,0.292678989
Ivysaur,grass,poison,60,62,63,0.333333333,0.335135135,0.273913043,0.942381512,0.353713787,0.355625753,0.29066046
Venusaur,grass,poison,80,100,123,0.444444444,0.540540541,0.534782609,1.519767594,0.292442375,0.355673159,0.351884466
Charmander,fire,,65,52,43,0.361111111,0.281081081,0.186956522,0.829148714,0.435520317,0.338999598,0.225480084
Charmeleon,fire,,80,64,58,0.444444444,0.345945946,0.252173913,1.042564303,0.426299311,0.331822167,0.241878522
Charizard,fire,flying,100,104,78,0.555555556,0.562162162,0.339130435,1.456848153,0.381340742,0.385875605,0.232783653
Squirtle,water,,43,48,65,0.238888889,0.259459459,0.282608696,0.780957044,0.305892482,0.33223269,0.361874828
Wartortle,water,,58,63,80,0.322222222,0.340540541,0.347826087,1.01058885,0.31884601,0.336972391,0.3441816
Blastoise,water,,78,103,120,0.433333333,0.556756757,0.52173913,1.511829221,0.286628494,0.368266964,0.345104542
Caterpie,bug,,45,30,35,0.25,0.162162162,0.152173913,0.564336075,0.442998438,0.287350338,0.269651223
Metapod,bug,,30,20,55,0.166666667,0.108108108,0.239130435,0.51390521,0.324314024,0.210365854,0.465320122
Butterfree,bug,flying,70,45,50,0.388888889,0.243243243,0.217391304,0.849523436,0.457772996,0.286329056,0.255897948
Weedle,bug,poison,50,35,30,0.277777778,0.189189189,0.130434783,0.59740175,0.464976505,0.316686701,0.218336794
Kakuna,bug,poison,35,25,50,0.194444444,0.135135135,0.217391304,0.546970884,0.355493227,0.24706093,0.397445844
Beedrill,bug,poison,145,150,40,0.805555556,0.810810811,0.173913043,1.79027941,0.4499608,0.452896239,0.097142961
Pidgey,normal,flying,56,45,40,0.311111111,0.243243243,0.173913043,0.728267398,0.427193517,0.334002653,0.238803829
Pidgeotto,normal,flying,71,60,55,0.394444444,0.324324324,0.239130435,0.957899204,0.411780742,0.33857876,0.249640499
Pidgeot,normal,flying,121,80,80,0.672222222,0.432432432,0.347826087,1.452480742,0.462809732,0.297719908,0.239470361
Rattata,normal,dark,72,56,35,0.4,0.302702703,0.152173913,0.854876616,0.46790378,0.354089347,0.178006873
Raticate,normal,dark,77,71,70,0.427777778,0.383783784,0.304347826,1.115909388,0.383344546,0.343920204,0.27273525
Spearow,normal,flying,70,60,30,0.388888889,0.324324324,0.130434783,0.843647996,0.460961077,0.38443086,0.154608063
Fearow,normal,flying,100,90,65,0.555555556,0.486486486,0.282608696,1.324650738,0.419397763,0.367256419,0.213345818
Ekans,poison,,55,60,44,0.305555556,0.324324324,0.191304348,0.821184228,0.372091359,0.394947094,0.232961547
Arbok,poison,,80,95,69,0.444444444,0.513513514,0.3,1.257957958,0.353306278,0.408211984,0.238481738
Pikachu,electric,,90,55,40,0.5,0.297297297,0.173913043,0.971210341,0.514821537,0.306110103,0.179068361
Raichu,electric,electric,110,85,50,0.611111111,0.459459459,0.217391304,1.287961875,0.474479193,0.356733742,0.168787065
Sandshrew,ground,ice,40,75,90,0.222222222,0.405405405,0.391304348,1.018931975,0.218093285,0.397872886,0.384033829
Sandslash,ground,ice,65,100,120,0.361111111,0.540540541,0.52173913,1.423390782,0.253697801,0.379755544,0.366546655
Nidoran?,poison,,41,47,52,0.227777778,0.254054054,0.226086957,0.707918788,0.321756932,0.358874575,0.319368493
Nidorina,poison,,56,62,67,0.311111111,0.335135135,0.291304348,0.937550594,0.331833944,0.357458187,0.31070787
Nidoqueen,poison,ground,76,92,87,0.422222222,0.497297297,0.37826087,1.297780389,0.325341811,0.38319064,0.291467549
Nidoran?,poison,,50,57,40,0.277777778,0.308108108,0.173913043,0.759798929,0.3655938,0.405512691,0.22889351
Nidorino,poison,,65,72,57,0.361111111,0.389189189,0.247826087,0.998126387,0.361788964,0.389919748,0.248291289
Nidoking,poison,ground,85,102,77,0.472222222,0.551351351,0.334782609,1.358356182,0.347642414,0.405896008,0.246461578
Clefairy,fairy,,35,45,48,0.194444444,0.243243243,0.208695652,0.64638334,0.300819084,0.376314221,0.322866694
Clefable,fairy,,60,70,73,0.333333333,0.378378378,0.317391304,1.029103016,0.323906672,0.367677844,0.308415484
Vulpix,fire,ice,65,41,40,0.361111111,0.221621622,0.173913043,0.756645776,0.47725253,0.292900097,0.229847372
Ninetales,fire,ice,109,67,75,0.605555556,0.362162162,0.326086957,1.293804674,0.468042486,0.279920277,0.252037238
Jigglypuff,normal,fairy,20,45,20,0.111111111,0.243243243,0.086956522,0.441310876,0.251775148,0.551183432,0.19704142
Wigglytuff,normal,fairy,45,70,45,0.25,0.378378378,0.195652174,0.824030552,0.303386809,0.459180036,0.237433155
Zubat,poison,flying,55,45,35,0.305555556,0.243243243,0.152173913,0.700972712,0.435902212,0.347008149,0.217089639
Golbat,poison,flying,90,80,70,0.5,0.432432432,0.304347826,1.236780259,0.404275534,0.349643705,0.24608076
Oddish,grass,poison,30,50,55,0.166666667,0.27027027,0.239130435,0.676067372,0.246523754,0.39976825,0.353707995
Gloom,grass,poison,40,65,70,0.222222222,0.351351351,0.304347826,0.8779214,0.253123141,0.400208209,0.34666865
Vileplume,grass,poison,50,80,85,0.277777778,0.432432432,0.369565217,1.079775428,0.257255139,0.400483676,0.342261185
Paras,bug,grass,25,70,55,0.138888889,0.378378378,0.239130435,0.756397702,0.183618867,0.500237345,0.316143788
Parasect,bug,grass,30,95,80,0.166666667,0.513513514,0.347826087,1.028006267,0.162126119,0.499523719,0.338350162
Venonat,bug,poison,45,55,50,0.25,0.297297297,0.217391304,0.764688602,0.326930465,0.388782174,0.284287361
Venomoth,bug,poison,90,65,60,0.5,0.351351351,0.260869565,1.112220917,0.449550977,0.315900687,0.234548336
Diglett,ground,ground,90,55,30,0.5,0.297297297,0.130434783,0.92773208,0.538948702,0.320455985,0.140595313
Dugtrio,ground,ground,110,100,60,0.611111111,0.540540541,0.260869565,1.412521217,0.432638536,0.38267782,0.184683644
Meowth,normal,dark,90,35,35,0.5,0.189189189,0.152173913,0.841363102,0.594273743,0.224860335,0.180865922
Persian,normal,dark,115,60,60,0.638888889,0.324324324,0.260869565,1.224082778,0.521932748,0.264952935,0.213114317
Psyduck,water,,55,52,48,0.305555556,0.281081081,0.208695652,0.795332289,0.384186031,0.353413391,0.262400578
Golduck,water,,85,82,78,0.472222222,0.443243243,0.339130435,1.2545959,0.376393883,0.353295625,0.270310492
Mankey,fighting,,70,80,35,0.388888889,0.432432432,0.152173913,0.973495234,0.399476931,0.444206009,0.15631706
Primeape,fighting,,95,105,60,0.527777778,0.567567568,0.260869565,1.356214911,0.389154974,0.418493827,0.1923512
Growlithe,fire,,60,70,45,0.333333333,0.378378378,0.195652174,0.907363886,0.367364559,0.417008418,0.215627024
Arcanine,fire,,95,110,80,0.527777778,0.594594595,0.347826087,1.470198459,0.358984037,0.404431518,0.236584445
Poliwag,water,,90,50,40,0.5,0.27027027,0.173913043,0.944183314,0.529558183,0.286247666,0.184194151
Poliwhirl,water,,90,65,65,0.5,0.351351351,0.282608696,1.133960047,0.440932642,0.30984456,0.249222798
Poliwrath,water,fighting,70,95,95,0.388888889,0.513513514,0.413043478,1.315445881,0.295632754,0.390372208,0.313995037
Abra,psychic,,90,20,15,0.5,0.108108108,0.065217391,0.673325499,0.742582897,0.160558464,0.096858639
Kadabra,psychic,,105,35,30,0.583333333,0.189189189,0.130434783,0.902957305,0.646025377,0.209521744,0.144452879
Alakazam,psychic,,150,50,65,0.833333333,0.27027027,0.282608696,1.386212299,0.601158519,0.194970331,0.20387115
Machop,fighting,,35,80,50,0.194444444,0.432432432,0.217391304,0.844268181,0.230311231,0.512197951,0.257490818
Machoke,fighting,,45,100,70,0.25,0.540540541,0.304347826,1.094888367,0.228333781,0.493694661,0.277971559
Machamp,fighting,,55,130,80,0.305555556,0.702702703,0.347826087,1.356084345,0.22532194,0.5181851,0.256492959
Bellsprout,grass,poison,40,75,35,0.222222222,0.405405405,0.152173913,0.779801541,0.284972792,0.519882796,0.195144412
Weepinbell,grass,poison,55,90,50,0.305555556,0.486486486,0.217391304,1.009433346,0.302700081,0.481940178,0.215359741
Victreebel,grass,poison,70,105,65,0.388888889,0.567567568,0.282608696,1.239065152,0.313856691,0.458061117,0.228082192
Tentacool,water,poison,70,40,35,0.388888889,0.216216216,0.152173913,0.757279018,0.513534483,0.285517241,0.200948276
Tentacruel,water,poison,100,70,65,0.555555556,0.378378378,0.282608696,1.21654263,0.456667561,0.311027636,0.232304803
Geodude,rock,ground,20,80,100,0.111111111,0.432432432,0.434782609,0.978326152,0.113572668,0.442012545,0.444414787
Graveler,rock,ground,35,95,115,0.194444444,0.513513514,0.5,1.207957958,0.160969546,0.425108763,0.41392169
Golem,rock,ground,45,120,130,0.25,0.648648649,0.565217391,1.46386604,0.170780654,0.443106562,0.386112783
Ponyta,fire,,90,85,55,0.5,0.459459459,0.239130435,1.198589894,0.417156863,0.383333333,0.199509804
Rapidash,fire,,105,100,70,0.583333333,0.540540541,0.304347826,1.4282217,0.408433322,0.378471032,0.213095646
Slowpoke,water,psychic,15,65,65,0.083333333,0.351351351,0.282608696,0.71729338,0.116177474,0.489829352,0.393993174
Slowbro,water,psychic,30,75,180,0.166666667,0.405405405,0.782608696,1.354680768,0.123030215,0.299262686,0.577707098
Magnemite,electric,steel,45,35,70,0.25,0.189189189,0.304347826,0.743537015,0.336230739,0.254444883,0.409324378
Magneton,electric,steel,70,60,95,0.388888889,0.324324324,0.413043478,1.126256691,0.345293299,0.287966613,0.366740088
Farfetch'd,normal,flying,60,90,55,0.333333333,0.486486486,0.239130435,1.058950255,0.314777141,0.459404476,0.225818384
Doduo,normal,flying,75,85,45,0.416666667,0.459459459,0.195652174,1.0717783,0.388761992,0.428688899,0.182549109
Dodrio,normal,flying,110,110,70,0.611111111,0.594594595,0.304347826,1.510053532,0.404694998,0.393757295,0.201547707
Seel,water,,45,45,55,0.25,0.243243243,0.239130435,0.732373678,0.341355796,0.332129964,0.32651424
Dewgong,water,ice,70,70,80,0.388888889,0.378378378,0.347826087,1.115093354,0.348750073,0.339324396,0.311925531
Grimer,poison,poison,25,80,50,0.138888889,0.432432432,0.217391304,0.788712626,0.176095683,0.54827629,0.275628026
Muk,poison,poison,50,105,75,0.277777778,0.567567568,0.326086957,1.171432302,0.237126616,0.484507356,0.278366028
Shellder,water,,40,65,100,0.222222222,0.351351351,0.434782609,1.008356182,0.220380681,0.348439725,0.431179593
Cloyster,water,ice,70,95,180,0.388888889,0.513513514,0.782608696,1.685011098,0.230793073,0.304753787,0.46445314
Gastly,ghost,poison,80,35,30,0.444444444,0.189189189,0.130434783,0.764068416,0.581681476,0.247607656,0.170710868
Haunter,ghost,poison,95,50,45,0.527777778,0.27027027,0.195652174,0.993700222,0.531123739,0.271983707,0.196892553
Gengar,ghost,poison,130,65,80,0.722222222,0.351351351,0.347826087,1.421399661,0.50810637,0.247186883,0.244706747
Onix,rock,ground,70,45,160,0.388888889,0.243243243,0.695652174,1.327784306,0.292885589,0.183194847,0.523919563
Drowzee,psychic,,42,48,45,0.233333333,0.259459459,0.195652174,0.688444967,0.338928084,0.37687756,0.284194356
Hypno,psychic,,67,73,70,0.372222222,0.394594595,0.304347826,1.071164643,0.347493007,0.368379032,0.284127961
Krabby,water,,50,105,90,0.277777778,0.567567568,0.391304348,1.236649693,0.224621232,0.458955815,0.316422953
Kingler,water,,75,130,115,0.416666667,0.702702703,0.5,1.619369369,0.257301808,0.433936022,0.30876217
Voltorb,electric,,100,30,50,0.555555556,0.162162162,0.217391304,0.935109022,0.594107791,0.173415247,0.232476962
Electrode,electric,,150,50,70,0.833333333,0.27027027,0.304347826,1.40795143,0.591876478,0.191959939,0.216163583
Exeggcute,grass,psychic,40,40,80,0.222222222,0.216216216,0.347826087,0.786264525,0.282630355,0.274991697,0.442377948
Exeggutor,grass,psychic,45,105,85,0.25,0.567567568,0.369565217,1.187132785,0.210591438,0.47809948,0.311309082
Cubone,ground,,35,50,95,0.194444444,0.27027027,0.413043478,0.877758193,0.22152393,0.30790971,0.47056636
Marowak,ground,fire,45,80,110,0.25,0.432432432,0.47826087,1.160693302,0.215388509,0.372563908,0.412047583
Hitmonlee,fighting,,87,120,53,0.483333333,0.648648649,0.230434783,1.362416765,0.354761734,0.476101488,0.169136779
Hitmonchan,fighting,,76,105,79,0.422222222,0.567567568,0.343478261,1.333268051,0.316682172,0.425696519,0.257621309
Lickitung,normal,,30,55,75,0.166666667,0.297297297,0.326086957,0.79005092,0.210956867,0.376301438,0.412741696
Koffing,poison,,35,65,95,0.194444444,0.351351351,0.413043478,0.958839274,0.202791489,0.366434043,0.430774468
Weezing,poison,,60,90,120,0.333333333,0.486486486,0.52173913,1.34155895,0.248467153,0.362627737,0.388905109
Rhyhorn,ground,rock,25,85,95,0.138888889,0.459459459,0.413043478,1.011391827,0.137324512,0.454284331,0.408391157
Rhydon,ground,rock,40,130,120,0.222222222,0.702702703,0.52173913,1.446664055,0.153610108,0.485740072,0.360649819
Chansey,normal,,50,5,5,0.277777778,0.027027027,0.02173913,0.326543935,0.850659736,0.082766893,0.066573371
Tangela,grass,,60,55,115,0.333333333,0.297297297,0.5,1.130630631,0.294820717,0.262948207,0.442231076
Kangaskhan,normal,,100,125,100,0.555555556,0.675675676,0.434782609,1.66601384,0.33346395,0.405564263,0.260971787
Horsea,water,,60,40,70,0.333333333,0.216216216,0.304347826,0.853897376,0.390366972,0.253211009,0.356422018
Seadra,water,,85,65,95,0.472222222,0.351351351,0.413043478,1.236617052,0.381866174,0.284123004,0.334010822
Goldeen,water,,63,67,60,0.35,0.362162162,0.260869565,0.973031727,0.359700501,0.372199746,0.268099752
Seaking,water,,68,92,65,0.377777778,0.497297297,0.282608696,1.157683771,0.326322081,0.429562295,0.244115624
Staryu,water,,85,45,55,0.472222222,0.243243243,0.239130435,0.9545959,0.494682852,0.254812789,0.25050436
Starmie,water,psychic,115,75,85,0.638888889,0.405405405,0.369565217,1.413859512,0.451875794,0.286736696,0.26138751
Mr. Mime,psychic,fairy,90,45,65,0.5,0.243243243,0.282608696,1.025851939,0.487399771,0.237113402,0.275486827
Scyther,bug,flying,105,110,80,0.583333333,0.594594595,0.347826087,1.525754015,0.382324626,0.38970541,0.227969963
Jynx,ice,psychic,95,50,35,0.527777778,0.27027027,0.152173913,0.950221961,0.555425784,0.284428567,0.160145649
Electabuzz,electric,,105,83,57,0.583333333,0.448648649,0.247826087,1.279808069,0.455797512,0.350559322,0.193643166
Magmar,fire,,93,95,57,0.516666667,0.513513514,0.247826087,1.278006267,0.404275534,0.401808291,0.193916175
Pinsir,bug,,105,155,120,0.583333333,0.837837838,0.52173913,1.942910302,0.300236883,0.431228265,0.268534852
Tauros,normal,,110,100,95,0.611111111,0.540540541,0.413043478,1.56469513,0.390562417,0.345460614,0.263976969
Magikarp,water,,80,10,55,0.444444444,0.054054054,0.239130435,0.737628933,0.602531197,0.073280821,0.324187981
Gyarados,water,flying,81,155,109,0.45,0.837837838,0.473913043,1.761750881,0.255427714,0.475571119,0.269001167
Lapras,water,ice,60,85,80,0.333333333,0.459459459,0.347826087,1.14061888,0.292239011,0.402815934,0.304945055
Ditto,normal,,48,48,48,0.266666667,0.259459459,0.208695652,0.734821778,0.362899787,0.353091684,0.284008529
Eevee,normal,,55,55,50,0.305555556,0.297297297,0.217391304,0.820244157,0.372517808,0.362449759,0.265032433
Vaporeon,water,,65,65,60,0.361111111,0.351351351,0.260869565,0.973332028,0.371005064,0.3609779,0.268017036
Jolteon,electric,,130,65,60,0.722222222,0.351351351,0.260869565,1.334443139,0.541216183,0.263294359,0.195489457
Flareon,fire,,65,130,60,0.361111111,0.702702703,0.260869565,1.324683379,0.272601828,0.530468423,0.196929749
Porygon,normal,,40,60,70,0.222222222,0.324324324,0.304347826,0.850894373,0.261163112,0.381156974,0.357679914
Omanyte,rock,water,35,40,100,0.194444444,0.216216216,0.434782609,0.845443269,0.22999112,0.255743022,0.514265858
Omastar,rock,water,55,60,125,0.305555556,0.324324324,0.543478261,1.173358141,0.260411161,0.276406932,0.463181907
Kabuto,rock,water,55,80,90,0.305555556,0.432432432,0.391304348,1.129292336,0.270572593,0.382923375,0.346504032
Kabutops,rock,water,80,115,105,0.444444444,0.621621622,0.456521739,1.522587805,0.291900699,0.408266518,0.299832783
Aerodactyl,rock,flying,150,135,85,0.833333333,0.72972973,0.369565217,1.93262828,0.431191731,0.37758411,0.191224159
Snorlax,normal,,30,110,65,0.166666667,0.594594595,0.282608696,1.043869957,0.159662289,0.569606004,0.270731707
Articuno,ice,flying,85,85,100,0.472222222,0.459459459,0.434782609,1.36646429,0.345579629,0.336239639,0.318180732
Zapdos,electric,flying,100,90,85,0.555555556,0.486486486,0.369565217,1.411607259,0.39356241,0.34463303,0.26180456
Moltres,fire,flying,90,100,90,0.5,0.540540541,0.391304348,1.431844888,0.349199836,0.377513336,0.273286828
Dratini,dragon,,50,64,45,0.277777778,0.345945946,0.195652174,0.819375898,0.339011409,0.422206642,0.238781949
Dragonair,dragon,,70,84,65,0.388888889,0.454054054,0.282608696,1.125551639,0.345509593,0.403405795,0.251084611
Dragonite,dragon,flying,80,134,95,0.444444444,0.724324324,0.413043478,1.581812247,0.28097168,0.4579079,0.26112042
Mewtwo,psychic,,140,150,70,0.777777778,0.810810811,0.304347826,1.892936415,0.41088426,0.428334943,0.160780797
Mew,psychic,,100,100,100,0.555555556,0.540540541,0.434782609,1.530878705,0.362899787,0.353091684,0.284008529
Chikorita,grass,,45,49,65,0.25,0.264864865,0.282608696,0.797473561,0.313490017,0.332129964,0.354380019
Bayleef,grass,,60,62,80,0.333333333,0.335135135,0.347826087,1.016294555,0.3279889,0.329761813,0.342249287
Meganium,grass,,80,82,100,0.444444444,0.443243243,0.434782609,1.322470296,0.3360714,0.335163099,0.3287655
Cyndaquil,fire,,65,52,43,0.361111111,0.281081081,0.186956522,0.829148714,0.435520317,0.338999598,0.225480084
Quilava,fire,,80,64,58,0.444444444,0.345945946,0.252173913,1.042564303,0.426299311,0.331822167,0.241878522
Typhlosion,fire,,100,84,78,0.555555556,0.454054054,0.339130435,1.348740044,0.411907067,0.336650532,0.251442401
Totodile,water,,43,65,64,0.238888889,0.351351351,0.27826087,0.86850111,0.275058818,0.40454911,0.320392071
Croconaw,water,,58,80,80,0.322222222,0.432432432,0.347826087,1.102480742,0.29227016,0.392235815,0.315494025
Feraligatr,water,,78,105,100,0.433333333,0.567567568,0.434782609,1.43568351,0.301830682,0.395329168,0.30284015
Sentret,normal,,20,46,34,0.111111111,0.248648649,0.147826087,0.507585847,0.218901122,0.489865212,0.291233666
Furret,normal,,90,76,64,0.5,0.410810811,0.27826087,1.18907168,0.420496096,0.345488685,0.234015219
Hoothoot,normal,flying,50,30,30,0.277777778,0.162162162,0.130434783,0.570374723,0.487009271,0.284308115,0.228682614
Noctowl,normal,flying,70,50,50,0.388888889,0.27027027,0.217391304,0.876550464,0.4436583,0.308333954,0.248007746
Ledyba,bug,flying,55,20,30,0.305555556,0.108108108,0.130434783,0.544098446,0.561581379,0.198692183,0.239726438
Ledian,bug,flying,85,35,50,0.472222222,0.189189189,0.217391304,0.878802716,0.53734725,0.215280615,0.247372135
Spinarak,bug,poison,30,60,40,0.166666667,0.324324324,0.173913043,0.664904034,0.250662739,0.487776141,0.261561119
Ariados,bug,poison,40,90,70,0.222222222,0.486486486,0.304347826,1.013056535,0.219358165,0.480216523,0.300425313
Crobat,poison,flying,130,90,80,0.722222222,0.486486486,0.347826087,1.556534796,0.463993625,0.312544562,0.223461813
Chinchou,water,electric,67,38,38,0.372222222,0.205405405,0.165217391,0.742845019,0.501076554,0.276511789,0.222411657
Lanturn,water,electric,67,58,58,0.372222222,0.313513514,0.252173913,0.937909649,0.396863624,0.334268353,0.268868023
Pichu,electric,,60,40,15,0.333333333,0.216216216,0.065217391,0.614766941,0.542210895,0.351704364,0.10608474
Cleffa,fairy,,15,25,28,0.083333333,0.135135135,0.12173913,0.340207599,0.244948477,0.397213747,0.357837776
Igglybuff,normal,fairy,15,30,15,0.083333333,0.162162162,0.065217391,0.310712887,0.268200441,0.521903561,0.209895997
Togepi,fairy,,20,20,65,0.111111111,0.108108108,0.282608696,0.501827915,0.221412775,0.215428646,0.563158579
Togetic,fairy,flying,40,40,85,0.222222222,0.216216216,0.369565217,0.808003656,0.275026258,0.267593116,0.457380625
Natu,psychic,flying,70,50,45,0.388888889,0.27027027,0.195652174,0.854811333,0.454941194,0.316175347,0.228883458
Xatu,psychic,flying,95,75,70,0.527777778,0.405405405,0.304347826,1.237531009,0.426476407,0.327592119,0.245931475
Mareep,electric,,35,40,40,0.194444444,0.216216216,0.173913043,0.584573704,0.332626054,0.369869898,0.297504048
Flaaffy,electric,,45,55,55,0.25,0.297297297,0.239130435,0.786427732,0.317893164,0.378035114,0.304071722
Ampharos,electric,,45,95,105,0.25,0.513513514,0.456521739,1.220035253,0.204912112,0.420900554,0.374187334
Bellossom,grass,,50,80,95,0.277777778,0.432432432,0.413043478,1.123253688,0.247297454,0.384981983,0.367720563
Marill,water,fairy,40,20,50,0.222222222,0.108108108,0.217391304,0.547721635,0.405721097,0.197377831,0.396901073
Azumarill,water,fairy,50,50,80,0.277777778,0.27027027,0.347826087,0.895874135,0.310063397,0.301683305,0.388253297
Sudowoodo,rock,,30,100,115,0.166666667,0.540540541,0.5,1.207207207,0.138059701,0.447761194,0.414179104
Politoed,water,,70,75,75,0.388888889,0.405405405,0.326086957,1.120381251,0.347104067,0.361845939,0.291049994
Hoppip,grass,flying,50,35,40,0.277777778,0.189189189,0.173913043,0.64088001,0.433431802,0.2952022,0.271365998
Skiploom,grass,flying,80,45,50,0.444444444,0.243243243,0.217391304,0.905078992,0.491055972,0.268753606,0.240190421
Jumpluff,grass,flying,110,55,70,0.611111111,0.297297297,0.304347826,1.212756234,0.503902675,0.245141842,0.250955483
Aipom,normal,,85,70,55,0.472222222,0.378378378,0.239130435,1.089731035,0.433338326,0.347221806,0.219439868
Sunkern,grass,,30,30,30,0.166666667,0.162162162,0.130434783,0.459263611,0.362899787,0.353091684,0.284008529
Sunflora,grass,,30,75,55,0.166666667,0.405405405,0.239130435,0.811202507,0.205456301,0.499758571,0.294785128
Yanma,bug,flying,95,65,45,0.527777778,0.351351351,0.195652174,1.074781303,0.491055972,0.326904972,0.182039056
Wooper,water,ground,15,45,45,0.083333333,0.243243243,0.195652174,0.52222875,0.159572473,0.465779111,0.374648416
Quagsire,water,ground,35,85,85,0.194444444,0.459459459,0.369565217,1.023469121,0.189985648,0.448923617,0.361090735
Espeon,psychic,,110,65,60,0.611111111,0.351351351,0.260869565,1.223332028,0.499546401,0.287208496,0.213245104
Umbreon,dark,,65,65,110,0.361111111,0.351351351,0.47826087,1.190723332,0.303270375,0.295073878,0.401655747
Murkrow,dark,flying,91,85,42,0.505555556,0.459459459,0.182608696,1.147623711,0.440523798,0.400357238,0.159118964
Slowking,water,psychic,30,75,80,0.166666667,0.405405405,0.347826087,0.919898159,0.181179476,0.440706834,0.37811369
Misdreavus,ghost,,85,60,60,0.472222222,0.324324324,0.260869565,1.057416112,0.446581263,0.306713999,0.246704738
Unown,psychic,,48,72,48,0.266666667,0.389189189,0.208695652,0.864551508,0.308445089,0.450163103,0.241391809
Wobbuffet,psychic,,33,33,58,0.183333333,0.178378378,0.252173913,0.613885625,0.298644122,0.290572659,0.410783219
Girafarig,normal,psychic,85,80,65,0.472222222,0.432432432,0.282608696,1.18726335,0.397740082,0.364226212,0.238033706
Pineco,bug,,15,65,90,0.083333333,0.351351351,0.391304348,0.825989033,0.100889152,0.42537048,0.473740368
Forretress,bug,steel,40,90,140,0.222222222,0.486486486,0.608695652,1.317404361,0.168681863,0.369276511,0.462041625
Dunsparce,normal,,45,70,70,0.25,0.378378378,0.304347826,0.932726204,0.268031496,0.405669291,0.326299213
Gligar,ground,flying,85,75,105,0.472222222,0.405405405,0.456521739,1.334149367,0.35395004,0.303868079,0.34218188
Steelix,steel,ground,30,125,230,0.166666667,0.675675676,1,1.842342342,0.090464548,0.366748166,0.542787286
Snubbull,fairy,,30,80,50,0.166666667,0.432432432,0.217391304,0.816490403,0.20412569,0.529623411,0.266250899
Granbull,fairy,,45,120,75,0.25,0.648648649,0.326086957,1.224735605,0.20412569,0.529623411,0.266250899
Qwilfish,water,poison,85,95,85,0.472222222,0.513513514,0.369565217,1.355300953,0.348426098,0.378892609,0.272681294
Scizor,bug,steel,75,150,140,0.416666667,0.810810811,0.608695652,1.83617313,0.226921231,0.441576449,0.33150232
Shuckle,bug,rock,5,10,230,0.027777778,0.054054054,1,1.081831832,0.025676613,0.049965302,0.924358085
Heracross,bug,fighting,75,185,115,0.416666667,1,0.5,1.916666667,0.217391304,0.52173913,0.260869565
Sneasel,dark,ice,115,95,55,0.638888889,0.513513514,0.239130435,1.391532837,0.459125988,0.369027234,0.171846778
Teddiursa,normal,,40,80,50,0.222222222,0.432432432,0.217391304,0.872045959,0.254828567,0.495882617,0.249288816
Ursaring,normal,,55,130,75,0.305555556,0.702702703,0.326086957,1.334345215,0.228992881,0.526627364,0.244379755
Slugma,fire,,20,40,40,0.111111111,0.216216216,0.173913043,0.501240371,0.22167231,0.431362334,0.346965356
Magcargo,fire,rock,30,50,120,0.166666667,0.27027027,0.52173913,0.958676067,0.173850868,0.281920327,0.544228805
Swinub,ice,ground,50,50,40,0.277777778,0.27027027,0.173913043,0.721961092,0.384754499,0.374355728,0.240889773
Piloswine,ice,ground,50,100,80,0.277777778,0.540540541,0.347826087,1.166144405,0.23820187,0.463527963,0.298270167
Corsola,water,rock,35,55,95,0.194444444,0.297297297,0.413043478,0.90478522,0.214906743,0.328583282,0.456509975
Remoraid,water,,65,65,35,0.361111111,0.351351351,0.152173913,0.864636376,0.41764506,0.406357356,0.175997584
Octillery,water,,45,105,75,0.25,0.567567568,0.326086957,1.143654524,0.218597483,0.496275366,0.285127151
Delibird,ice,flying,75,55,45,0.416666667,0.297297297,0.195652174,0.909616138,0.458068683,0.326838196,0.215093121
Mantine,water,flying,70,40,70,0.388888889,0.216216216,0.304347826,0.909452931,0.427607494,0.237743163,0.334649343
Skarmory,steel,flying,70,80,140,0.388888889,0.432432432,0.608695652,1.430016973,0.271947044,0.302396713,0.425656243
Houndour,dark,fire,65,60,30,0.361111111,0.324324324,0.130434783,0.815870218,0.442608522,0.397519504,0.159871974
Houndoom,dark,fire,115,90,90,0.638888889,0.486486486,0.391304348,1.516679723,0.421241795,0.320757559,0.258000646
Kingdra,water,dragon,85,95,95,0.472222222,0.513513514,0.413043478,1.398779214,0.337595968,0.367115488,0.295288545
Phanpy,ground,,40,60,60,0.222222222,0.324324324,0.260869565,0.807416112,0.275226391,0.401681759,0.32309185
Donphan,ground,,50,120,120,0.277777778,0.648648649,0.52173913,1.448165557,0.191813551,0.447910562,0.360275887
Porygon2,normal,,60,80,90,0.333333333,0.432432432,0.391304348,1.157070114,0.288083954,0.373730535,0.338185511
Stantler,normal,,85,95,62,0.472222222,0.513513514,0.269565217,1.255300953,0.376182477,0.409076017,0.214741506
Smeargle,normal,,75,20,35,0.416666667,0.108108108,0.152173913,0.676948688,0.615507016,0.159699118,0.224793867
Tyrogue,fighting,,35,35,35,0.194444444,0.189189189,0.152173913,0.535807547,0.362899787,0.353091684,0.284008529
Hitmontop,fighting,,70,95,95,0.388888889,0.513513514,0.413043478,1.315445881,0.295632754,0.390372208,0.313995037
Smoochum,ice,psychic,65,30,15,0.361111111,0.162162162,0.065217391,0.588490665,0.613622497,0.275556049,0.110821454
Elekid,electric,,95,63,37,0.527777778,0.340540541,0.160869565,1.029187884,0.512809941,0.330882773,0.156307286
Magby,fire,,83,75,37,0.461111111,0.405405405,0.160869565,1.027386082,0.448819698,0.394598888,0.156581414
Miltank,normal,,100,80,105,0.555555556,0.432432432,0.456521739,1.444509727,0.384598002,0.299362769,0.316039228
Blissey,normal,,55,10,10,0.305555556,0.054054054,0.043478261,0.40308787,0.758037088,0.134099927,0.107862985
Raikou,electric,,115,85,75,0.638888889,0.459459459,0.326086957,1.424435305,0.448520819,0.322555512,0.228923669
Entei,fire,,100,115,85,0.555555556,0.621621622,0.369565217,1.546742395,0.359177816,0.401890854,0.23893133
Suicune,water,,85,75,115,0.472222222,0.405405405,0.5,1.377627628,0.342779292,0.294277929,0.362942779
Larvitar,rock,ground,41,64,50,0.227777778,0.345945946,0.217391304,0.791115028,0.287919923,0.437289059,0.274791019
Pupitar,rock,ground,51,84,70,0.283333333,0.454054054,0.304347826,1.041735213,0.271982102,0.43586321,0.292154688
Tyranitar,rock,dark,71,164,150,0.394444444,0.886486486,0.652173913,1.933104844,0.204047104,0.45858169,0.337371206
Lugia,psychic,flying,110,90,130,0.611111111,0.486486486,0.565217391,1.662814989,0.367515999,0.292568019,0.339915983
Ho-Oh,fire,flying,90,130,90,0.5,0.702702703,0.391304348,1.594007051,0.313674899,0.440840398,0.245484703
Celebi,psychic,grass,100,100,100,0.555555556,0.540540541,0.434782609,1.530878705,0.362899787,0.353091684,0.284008529
Treecko,grass,,70,45,35,0.388888889,0.243243243,0.152173913,0.784306045,0.495838189,0.310138172,0.194023639
Grovyle,grass,,95,65,45,0.527777778,0.351351351,0.195652174,1.074781303,0.491055972,0.326904972,0.182039056
Sceptile,grass,,145,110,75,0.805555556,0.594594595,0.326086957,1.726237107,0.466654061,0.344445495,0.188900444
Torchic,fire,,45,60,40,0.25,0.324324324,0.173913043,0.748237368,0.334118571,0.433451119,0.23243031
Combusken,fire,fighting,55,85,60,0.305555556,0.459459459,0.260869565,1.02588458,0.297845938,0.44786662,0.254287442
Blaziken,fire,fighting,100,160,80,0.555555556,0.864864865,0.347826087,1.768246507,0.31418445,0.489108765,0.196706786
Mudkip,water,,40,70,50,0.222222222,0.378378378,0.217391304,0.817991905,0.271667997,0.462569832,0.265762171
Marshtomp,water,ground,50,85,70,0.277777778,0.459459459,0.304347826,1.041585063,0.266687559,0.441115638,0.292196804
Swampert,water,ground,70,150,110,0.388888889,0.810810811,0.47826087,1.677960569,0.231762829,0.483212076,0.285025094
Poochyena,dark,,35,55,35,0.194444444,0.297297297,0.152173913,0.643915655,0.301971917,0.461702236,0.236325848
Mightyena,dark,,70,90,70,0.388888889,0.486486486,0.304347826,1.179723201,0.329644181,0.412373416,0.257982403
Zigzagoon,normal,,60,30,41,0.333333333,0.162162162,0.17826087,0.673756365,0.494738678,0.240683681,0.264577641
Linoone,normal,,100,70,61,0.555555556,0.378378378,0.265217391,1.199151325,0.463290616,0.315538473,0.221170911
Wurmple,bug,,20,45,35,0.111111111,0.243243243,0.152173913,0.506528267,0.219358165,0.480216523,0.300425313
Silcoon,bug,,15,35,55,0.083333333,0.189189189,0.239130435,0.511652957,0.162870813,0.369760766,0.467368421
Beautifly,bug,flying,65,70,50,0.361111111,0.378378378,0.217391304,0.956880794,0.377383592,0.395428961,0.227187447
Cascoon,bug,,15,35,55,0.083333333,0.189189189,0.239130435,0.511652957,0.162870813,0.369760766,0.467368421
Dustox,bug,poison,65,50,70,0.361111111,0.27027027,0.304347826,0.935729207,0.385914117,0.288833851,0.325252032
Lotad,water,grass,30,30,30,0.166666667,0.162162162,0.130434783,0.459263611,0.362899787,0.353091684,0.284008529
Lombre,water,grass,50,50,50,0.277777778,0.27027027,0.217391304,0.765439352,0.362899787,0.353091684,0.284008529
Ludicolo,water,grass,70,70,70,0.388888889,0.378378378,0.304347826,1.071615093,0.362899787,0.353091684,0.284008529
Seedot,grass,,30,40,50,0.166666667,0.216216216,0.217391304,0.600274187,0.277650897,0.360195759,0.362153344
Nuzleaf,grass,dark,60,70,40,0.333333333,0.378378378,0.173913043,0.885624755,0.376382132,0.427244582,0.196373286
Shiftry,grass,dark,80,100,60,0.444444444,0.540540541,0.260869565,1.24585455,0.356738629,0.433871306,0.209390065
Taillow,normal,flying,85,55,30,0.472222222,0.297297297,0.130434783,0.899954302,0.524718001,0.330347104,0.144934895
Swellow,normal,flying,125,85,60,0.694444444,0.459459459,0.260869565,1.414773469,0.490852041,0.324758323,0.184389636
Wingull,water,flying,85,30,30,0.472222222,0.162162162,0.130434783,0.764819167,0.617429901,0.212026802,0.170543297
Pelipper,water,flying,65,50,100,0.361111111,0.27027027,0.434782609,1.06616399,0.338701283,0.253497842,0.407800876
Ralts,psychic,fairy,40,25,25,0.222222222,0.135135135,0.108695652,0.46605301,0.476817481,0.289956577,0.233225942
Kirlia,psychic,fairy,50,35,35,0.277777778,0.189189189,0.152173913,0.61914088,0.448650358,0.305567271,0.24578237
Gardevoir,psychic,fairy,100,85,65,0.555555556,0.459459459,0.282608696,1.297623711,0.428133018,0.354077577,0.217789405
Surskit,bug,water,65,30,32,0.361111111,0.162162162,0.139130435,0.662403708,0.545152611,0.244808657,0.210038732
Masquerain,bug,flying,80,60,62,0.444444444,0.324324324,0.269565217,1.038333986,0.428036114,0.312350678,0.259613208
Shroomish,grass,,35,40,60,0.194444444,0.216216216,0.260869565,0.671530226,0.28955427,0.321975405,0.388470325
Breloom,grass,fighting,70,130,80,0.388888889,0.702702703,0.347826087,1.439417679,0.270170983,0.488185405,0.241643612
Slakoth,normal,,30,60,60,0.166666667,0.324324324,0.260869565,0.751860556,0.22167231,0.431362334,0.346965356
Vigoroth,normal,,90,80,80,0.5,0.432432432,0.347826087,1.280258519,0.390546122,0.337769619,0.271684259
Slaking,normal,,100,160,100,0.555555556,0.864864865,0.434782609,1.855203029,0.29945809,0.466183405,0.234358505
Nincada,bug,ground,40,45,90,0.222222222,0.243243243,0.391304348,0.856769813,0.259372143,0.283907345,0.456720512
Ninjask,bug,flying,160,90,45,0.888888889,0.486486486,0.195652174,1.571027549,0.565800956,0.309661334,0.12453771
Shedinja,bug,ghost,40,90,45,0.222222222,0.486486486,0.195652174,0.904360883,0.245722948,0.537934022,0.21634303
Whismur,normal,,28,51,23,0.155555556,0.275675676,0.1,0.531231231,0.292820803,0.518937253,0.188241945
Loudred,normal,,48,71,43,0.266666667,0.383783784,0.186956522,0.837406972,0.318443332,0.458300201,0.223256467
Exploud,normal,,68,91,63,0.377777778,0.491891892,0.273913043,1.143582713,0.330345828,0.430132326,0.239521847
Makuhita,fighting,,25,60,30,0.138888889,0.324324324,0.130434783,0.593647996,0.233958322,0.546324298,0.219717381
Hariyama,fighting,,50,120,60,0.277777778,0.648648649,0.260869565,1.187295992,0.233958322,0.546324298,0.219717381
Azurill,normal,fairy,20,20,40,0.111111111,0.108108108,0.173913043,0.393132263,0.282630355,0.274991697,0.442377948
Nosepass,rock,,30,45,135,0.166666667,0.243243243,0.586956522,0.996866432,0.16719057,0.244007859,0.588801572
Skitty,normal,,50,45,45,0.277777778,0.243243243,0.195652174,0.716673195,0.387593369,0.339406085,0.273000547
Delcatty,normal,,90,65,65,0.5,0.351351351,0.282608696,1.133960047,0.440932642,0.30984456,0.249222798
Sableye,dark,ghost,20,85,125,0.111111111,0.459459459,0.543478261,1.114048831,0.099736302,0.412423088,0.487840609
Mawile,steel,fairy,50,105,125,0.277777778,0.567567568,0.543478261,1.388823606,0.200009401,0.408667857,0.391322741
Aron,steel,rock,30,70,100,0.166666667,0.378378378,0.434782609,0.979827654,0.170097941,0.386168299,0.44373376
Lairon,steel,rock,40,90,140,0.222222222,0.486486486,0.608695652,1.317404361,0.168681863,0.369276511,0.462041625
Aggron,steel,rock,50,140,230,0.277777778,0.756756757,1,2.034534535,0.136531365,0.37195572,0.491512915
Meditite,fighting,psychic,60,40,55,0.333333333,0.216216216,0.239130435,0.788679984,0.422647132,0.274149491,0.303203377
Medicham,fighting,psychic,100,100,85,0.555555556,0.540540541,0.369565217,1.465661313,0.379047704,0.368803171,0.252149125
Electrike,electric,,65,45,40,0.361111111,0.243243243,0.173913043,0.778267398,0.463993625,0.312544562,0.223461813
Manectric,electric,,135,75,80,0.75,0.405405405,0.347826087,1.503231492,0.498925151,0.269689271,0.231385577
Plusle,electric,,95,50,40,0.527777778,0.27027027,0.173913043,0.971961092,0.543002989,0.278066964,0.178930047
Minun,electric,,95,40,50,0.527777778,0.216216216,0.217391304,0.961385298,0.548976335,0.224900689,0.226122976
Volbeat,bug,,85,73,75,0.472222222,0.394594595,0.326086957,1.192903773,0.395859442,0.330784933,0.273355625
Illumise,bug,,85,47,75,0.472222222,0.254054054,0.326086957,1.052363233,0.448725504,0.241412894,0.309861601
Roselia,grass,poison,65,60,45,0.361111111,0.324324324,0.195652174,0.881087609,0.409846997,0.368095432,0.22205757
Gulpin,poison,,40,43,53,0.222222222,0.232432432,0.230434783,0.685089437,0.324369652,0.339273122,0.336357226
Swalot,poison,,55,73,83,0.305555556,0.394594595,0.360869565,1.061019715,0.28798292,0.371901284,0.340115796
Carvanha,water,dark,65,90,20,0.361111111,0.486486486,0.086956522,0.934554119,0.386399357,0.520554644,0.093045999
Sharpedo,water,dark,105,140,70,0.583333333,0.756756757,0.304347826,1.644437916,0.354731138,0.460191747,0.185077115
Wailmer,water,,60,70,35,0.333333333,0.378378378,0.152173913,0.863885625,0.385853548,0.437995919,0.176150533
Wailord,water,,60,90,45,0.333333333,0.486486486,0.195652174,1.015471994,0.328254581,0.479074253,0.192671167
Numel,fire,ground,35,60,40,0.194444444,0.324324324,0.173913043,0.692681812,0.280712502,0.468215447,0.251072051
Camerupt,fire,ground,20,120,100,0.111111111,0.648648649,0.434782609,1.194542368,0.09301563,0.543010165,0.363974205
Torkoal,fire,,20,85,140,0.111111111,0.459459459,0.608695652,1.179266223,0.094220549,0.389614703,0.516164748
Spoink,psychic,,60,25,35,0.333333333,0.135135135,0.152173913,0.620642382,0.537077943,0.217734301,0.245187756
Grumpig,psychic,,80,45,65,0.444444444,0.243243243,0.282608696,0.970296383,0.458050192,0.250689632,0.291260176
Spinda,normal,,60,60,60,0.333333333,0.324324324,0.260869565,0.918527223,0.362899787,0.353091684,0.284008529
Trapinch,ground,,10,100,45,0.055555556,0.540540541,0.195652174,0.79174827,0.070168206,0.682717678,0.247114116
Vibrava,ground,dragon,70,70,50,0.388888889,0.378378378,0.217391304,0.984658572,0.394947955,0.384273686,0.22077836
Flygon,ground,dragon,100,100,80,0.555555556,0.540540541,0.347826087,1.443922183,0.384754499,0.374355728,0.240889773
Cacnea,grass,,35,85,40,0.194444444,0.459459459,0.173913043,0.827816947,0.234888214,0.555025433,0.210086353
Cacturne,grass,dark,55,115,60,0.305555556,0.621621622,0.260869565,1.188046742,0.257191527,0.523229937,0.219578537
Swablu,normal,flying,50,40,60,0.277777778,0.216216216,0.260869565,0.754863559,0.367984087,0.286430857,0.345585056
Altaria,dragon,flying,80,110,110,0.444444444,0.594594595,0.47826087,1.517299909,0.292917993,0.391876775,0.315205232
Zangoose,normal,,90,115,60,0.5,0.621621622,0.260869565,1.382491187,0.361665958,0.449638759,0.188695283
Seviper,poison,,65,100,60,0.361111111,0.540540541,0.260869565,1.162521217,0.310627545,0.464972624,0.224399832
Lunatone,rock,psychic,70,55,65,0.388888889,0.297297297,0.282608696,0.968794882,0.401415094,0.306873315,0.29171159
Solrock,rock,psychic,70,95,85,0.388888889,0.513513514,0.369565217,1.27196762,0.305738041,0.403715869,0.290546089
Barboach,water,ground,60,48,43,0.333333333,0.259459459,0.186956522,0.779749315,0.427487818,0.332747275,0.239764907
Whiscash,water,ground,60,78,73,0.333333333,0.421621622,0.317391304,1.072346259,0.31084487,0.393176754,0.295978376
Corphish,water,,35,80,65,0.194444444,0.432432432,0.282608696,0.909485573,0.213796074,0.47546926,0.310734666
Crawdaunt,water,dark,55,120,85,0.305555556,0.648648649,0.369565217,1.323769422,0.23082234,0.490001233,0.279176427
Baltoy,ground,psychic,55,40,55,0.305555556,0.216216216,0.239130435,0.760902207,0.401570074,0.284157694,0.314272232
Claydol,ground,psychic,75,70,105,0.416666667,0.378378378,0.456521739,1.251566784,0.332916047,0.302323762,0.364760191
Lileep,rock,grass,23,41,77,0.127777778,0.221621622,0.334782609,0.684182008,0.186759921,0.323922025,0.489318054
Cradily,rock,grass,43,81,97,0.238888889,0.437837838,0.42173913,1.098465857,0.217475024,0.398590302,0.383934674
Anorith,rock,bug,75,95,50,0.416666667,0.513513514,0.217391304,1.147571485,0.363085588,0.447478454,0.189435959
Armaldo,rock,bug,45,125,100,0.25,0.675675676,0.434782609,1.360458284,0.183761607,0.496652991,0.319585403
Feebas,water,,80,15,20,0.444444444,0.081081081,0.086956522,0.612482047,0.725644852,0.132381155,0.141973993
Milotic,water,,81,60,79,0.45,0.324324324,0.343478261,1.117802585,0.402575558,0.290144547,0.307279895
Castform,normal,,70,70,70,0.388888889,0.378378378,0.304347826,1.071615093,0.362899787,0.353091684,0.284008529
Kecleon,normal,,40,90,70,0.222222222,0.486486486,0.304347826,1.013056535,0.219358165,0.480216523,0.300425313
Shuppet,ghost,,45,75,35,0.25,0.405405405,0.152173913,0.807579318,0.309567115,0.502000728,0.188432157
Banette,ghost,,75,165,75,0.416666667,0.891891892,0.326086957,1.634645515,0.254897262,0.545617924,0.199484814
Duskull,ghost,,25,40,90,0.138888889,0.216216216,0.391304348,0.746409453,0.186076005,0.289675078,0.524248918
Dusclops,ghost,,25,70,130,0.138888889,0.378378378,0.565217391,1.082484659,0.128305642,0.349546181,0.522148177
Tropius,grass,flying,51,68,83,0.283333333,0.367567568,0.360869565,1.011770466,0.280037165,0.363291458,0.356671377
Chimecho,psychic,,65,50,80,0.361111111,0.27027027,0.347826087,0.979207468,0.368778959,0.2760092,0.35521184
Absol,dark,,115,150,60,0.638888889,0.810810811,0.260869565,1.710569265,0.373494896,0.474000572,0.152504532
Wynaut,psychic,,23,23,48,0.127777778,0.124324324,0.208695652,0.460797754,0.277296876,0.269802366,0.452900758
Snorunt,ice,,50,50,50,0.277777778,0.27027027,0.217391304,0.765439352,0.362899787,0.353091684,0.284008529
Glalie,ice,,100,120,80,0.555555556,0.648648649,0.347826087,1.552030291,0.357954067,0.41793556,0.224110373
Spheal,ice,water,25,40,50,0.138888889,0.216216216,0.217391304,0.572496409,0.242602201,0.377672615,0.379725184
Sealeo,ice,water,45,60,70,0.25,0.324324324,0.304347826,0.87867215,0.284520227,0.369107322,0.346372451
Walrein,ice,water,65,80,90,0.361111111,0.432432432,0.391304348,1.184847891,0.304774236,0.364968732,0.330257032
Clamperl,water,,32,64,85,0.177777778,0.345945946,0.369565217,0.893288941,0.199014865,0.387272169,0.413712966
Huntail,water,,52,104,105,0.288888889,0.562162162,0.456521739,1.30757279,0.220935225,0.429928006,0.349136769
Gorebyss,water,,52,84,105,0.288888889,0.454054054,0.456521739,1.199464682,0.240848183,0.378547248,0.38060457
Relicanth,water,rock,55,90,130,0.305555556,0.486486486,0.565217391,1.357259433,0.225126861,0.358432938,0.416440201
Luvdisc,water,,97,30,55,0.538888889,0.162162162,0.239130435,0.940181486,0.573175389,0.172479638,0.254344973
Bagon,dragon,,50,75,60,0.277777778,0.405405405,0.260869565,0.944052748,0.294239679,0.429430883,0.276329438
Shelgon,dragon,,50,95,100,0.277777778,0.513513514,0.434782609,1.2260739,0.226558756,0.418827538,0.354613705
Salamence,dragon,flying,120,145,130,0.666666667,0.783783784,0.565217391,2.015667842,0.330742324,0.388845705,0.28041197
Beldum,steel,psychic,30,55,80,0.166666667,0.297297297,0.347826087,0.811790051,0.2053076,0.366224367,0.428468034
Metang,steel,psychic,50,75,100,0.277777778,0.405405405,0.434782609,1.117965792,0.248467153,0.362627737,0.388905109
Metagross,steel,psychic,110,145,150,0.611111111,0.783783784,0.652173913,2.047068808,0.298529834,0.382881015,0.318589151
Regirock,rock,,50,100,200,0.277777778,0.540540541,0.869565217,1.687883536,0.16457165,0.320247534,0.515180816
Regice,ice,,50,50,100,0.277777778,0.27027027,0.434782609,0.982830657,0.282630355,0.274991697,0.442377948
Registeel,steel,,50,75,150,0.277777778,0.405405405,0.652173913,1.335357096,0.2080176,0.303593253,0.488389147
Latias,dragon,psychic,110,100,120,0.611111111,0.540540541,0.52173913,1.673390782,0.365193306,0.323021106,0.311785589
Latios,dragon,psychic,110,130,100,0.611111111,0.702702703,0.434782609,1.748596423,0.349486653,0.401866716,0.248646631
Kyogre,water,,90,150,90,0.5,0.810810811,0.391304348,1.702115159,0.293752157,0.47635485,0.229892993
Groudon,ground,,90,180,160,0.5,0.972972973,0.695652174,2.168625147,0.230560824,0.4486589,0.320780276
Rayquaza,dragon,flying,115,180,100,0.638888889,0.972972973,0.434782609,2.046644471,0.31216408,0.475399116,0.212436803
Jirachi,steel,psychic,100,100,100,0.555555556,0.540540541,0.434782609,1.530878705,0.362899787,0.353091684,0.284008529
Deoxys,psychic,,180,95,90,1,0.513513514,0.391304348,1.904817861,0.524984577,0.269586675,0.205428748
Turtwig,grass,,31,68,64,0.172222222,0.367567568,0.27826087,0.818050659,0.210527576,0.449321278,0.340151146
Grotle,grass,,36,89,85,0.2,0.481081081,0.369565217,1.050646298,0.19035902,0.457890616,0.351750363
Torterra,grass,ground,56,109,105,0.311111111,0.589189189,0.456521739,1.356822039,0.229293969,0.434242054,0.336463977
Chimchar,fire,,61,58,44,0.338888889,0.313513514,0.191304348,0.84370675,0.40166668,0.371590619,0.226742702
Monferno,fire,fighting,81,78,52,0.45,0.421621622,0.226086957,1.097708578,0.40994487,0.38409249,0.20596264
Infernape,fire,fighting,108,104,71,0.6,0.562162162,0.308695652,1.470857814,0.407925222,0.382200208,0.209874571
Piplup,water,,40,51,53,0.222222222,0.275675676,0.230434783,0.728332681,0.305110876,0.378502411,0.316386713
Prinplup,water,,50,66,68,0.277777778,0.356756757,0.295652174,0.930186708,0.29862583,0.383532417,0.317841753
Empoleon,water,steel,60,86,88,0.333333333,0.464864865,0.382608696,1.180806894,0.282292842,0.393684071,0.324023088
Starly,normal,flying,60,55,30,0.333333333,0.297297297,0.130434783,0.761065413,0.437982501,0.390633042,0.171384457
Staravia,normal,flying,80,75,50,0.444444444,0.405405405,0.217391304,1.067241154,0.416442378,0.37986298,0.203694642
Staraptor,normal,flying,100,120,70,0.555555556,0.648648649,0.304347826,1.50855203,0.368270729,0.429980959,0.201748312
Bidoof,normal,,31,45,40,0.172222222,0.243243243,0.173913043,0.589378509,0.292209878,0.412711423,0.295078699
Bibarel,normal,water,71,85,60,0.394444444,0.459459459,0.260869565,1.114773469,0.353833721,0.412155,0.234011279
Kricketot,bug,,25,25,41,0.138888889,0.135135135,0.17826087,0.452284894,0.30708275,0.298783216,0.394134034
Kricketune,bug,,65,85,51,0.361111111,0.459459459,0.22173913,1.042309701,0.346452797,0.440808964,0.212738239
Shinx,electric,,45,65,34,0.25,0.351351351,0.147826087,0.749177438,0.333699318,0.468982825,0.197317857
Luxio,electric,,60,85,49,0.333333333,0.459459459,0.213043478,1.005836271,0.331399198,0.456793489,0.211807313
Luxray,electric,,70,120,79,0.388888889,0.648648649,0.343478261,1.381015798,0.281596264,0.469689521,0.248714215
Budew,grass,poison,55,30,35,0.305555556,0.162162162,0.152173913,0.619891631,0.492917698,0.261597599,0.245484703
Roserade,grass,poison,90,70,65,0.5,0.378378378,0.282608696,1.160987074,0.430668016,0.325910931,0.243421053
Cranidos,rock,,58,125,40,0.322222222,0.675675676,0.173913043,1.171810941,0.274977994,0.576608096,0.14841391
Rampardos,rock,,58,165,60,0.322222222,0.891891892,0.260869565,1.474983679,0.218458161,0.60467916,0.176862679
Shieldon,rock,steel,30,42,118,0.166666667,0.227027027,0.513043478,0.906737172,0.183809236,0.250377986,0.565812778
Bastiodon,rock,steel,30,52,168,0.166666667,0.281081081,0.730434783,1.17818253,0.14146082,0.238571761,0.619967419
Burmy,bug,,36,29,45,0.2,0.156756757,0.195652174,0.552408931,0.362050628,0.283769411,0.354179962
Wormadam,bug,grass,36,69,95,0.2,0.372972973,0.413043478,0.986016451,0.202836372,0.378262424,0.418901204
Mothim,bug,flying,66,94,50,0.366666667,0.508108108,0.217391304,1.092166079,0.335724276,0.46522971,0.199046014
Combee,bug,flying,70,30,42,0.388888889,0.162162162,0.182608696,0.733659747,0.530067093,0.221031838,0.24890107
Vespiquen,bug,flying,40,80,102,0.222222222,0.432432432,0.443478261,1.098132916,0.202363684,0.39378879,0.403847526
Pachirisu,electric,,95,45,70,0.527777778,0.243243243,0.304347826,1.075368847,0.490787676,0.226195174,0.28301715
Buizel,water,,85,65,35,0.472222222,0.351351351,0.152173913,0.975747487,0.483959455,0.360084301,0.155956244
Floatzel,water,,115,105,55,0.638888889,0.567567568,0.239130435,1.445586891,0.441958137,0.392620859,0.165421004
Cherubi,grass,,35,35,45,0.194444444,0.189189189,0.195652174,0.579285808,0.335662365,0.32659041,0.337747225
Cherrim,grass,,85,60,70,0.472222222,0.324324324,0.304347826,1.100894373,0.428944169,0.294600765,0.276455066
Shellos,water,,34,48,48,0.188888889,0.259459459,0.208695652,0.657044001,0.287482861,0.394889017,0.317628122
Gastrodon,water,ground,39,83,68,0.216666667,0.448648649,0.295652174,0.960967489,0.225467218,0.466871828,0.307660953
Ambipom,normal,,115,100,66,0.638888889,0.540540541,0.286956522,1.466385951,0.43568945,0.368620921,0.195689628
Drifloon,ghost,flying,70,50,34,0.388888889,0.27027027,0.147826087,0.806985246,0.481903344,0.334913521,0.183183135
Drifblim,ghost,flying,80,80,44,0.444444444,0.432432432,0.191304348,1.068181225,0.416075881,0.404830587,0.179093532
Buneary,normal,,85,66,44,0.472222222,0.356756757,0.191304348,1.020283327,0.462834401,0.349664399,0.1875012
Lopunny,normal,,135,136,94,0.75,0.735135135,0.408695652,1.893830787,0.39602271,0.388173611,0.215803679
Mismagius,ghost,,105,60,60,0.583333333,0.324324324,0.260869565,1.168527223,0.499203888,0.277549652,0.223246459
Honchkrow,dark,flying,71,125,52,0.394444444,0.675675676,0.226086957,1.296207077,0.304306659,0.521271399,0.174421943
Glameow,normal,,85,55,42,0.472222222,0.297297297,0.182608696,0.952128215,0.49596495,0.312245024,0.191790027
Purugly,normal,,112,82,64,0.622222222,0.443243243,0.27826087,1.343726335,0.463057251,0.329861246,0.207081503
Chingling,psychic,,45,30,50,0.25,0.162162162,0.217391304,0.629553467,0.39710686,0.257582828,0.345310313
Stunky,poison,dark,74,63,47,0.411111111,0.340540541,0.204347826,0.955999478,0.430032778,0.356214149,0.213753073
Skuntank,poison,dark,84,93,67,0.466666667,0.502702703,0.291304348,1.260673717,0.370172441,0.398757185,0.231070374
Bronzor,steel,psychic,23,24,86,0.127777778,0.12972973,0.373913043,0.631420551,0.202365567,0.205456933,0.5921775
Bronzong,steel,psychic,33,89,116,0.183333333,0.481081081,0.504347826,1.168762241,0.156861102,0.411615865,0.431523032
Bonsly,rock,,10,80,95,0.055555556,0.432432432,0.413043478,0.901031466,0.061657731,0.479930445,0.458411824
Mime Jr.,psychic,fairy,60,25,45,0.333333333,0.135135135,0.195652174,0.664120642,0.501916839,0.203479799,0.294603362
Happiny,normal,,30,5,5,0.166666667,0.027027027,0.02173913,0.215432824,0.773636364,0.125454545,0.100909091
Chatot,normal,flying,91,65,45,0.505555556,0.351351351,0.195652174,1.052559081,0.480310858,0.333806774,0.185882368
Spiritomb,ghost,dark,35,92,108,0.194444444,0.497297297,0.469565217,1.161306959,0.167435873,0.428222094,0.404342034
Gible,dragon,ground,42,70,45,0.233333333,0.378378378,0.195652174,0.807363886,0.289006404,0.468659034,0.242334562
Gabite,dragon,ground,82,90,65,0.455555556,0.486486486,0.282608696,1.224650738,0.371988144,0.397245085,0.23076677
Garchomp,dragon,ground,92,170,115,0.511111111,0.918918919,0.5,1.93003003,0.264820289,0.476116384,0.259063327
Munchlax,normal,,5,85,40,0.027777778,0.459459459,0.173913043,0.661150281,0.042014317,0.694939521,0.263046161
Riolu,fighting,,60,70,40,0.333333333,0.378378378,0.173913043,0.885624755,0.376382132,0.427244582,0.196373286
Lucario,fighting,steel,112,145,88,0.622222222,0.783783784,0.382608696,1.788614702,0.347879407,0.438207168,0.213913424
Hippopotas,ground,,32,72,78,0.177777778,0.389189189,0.339130435,0.906097402,0.19620162,0.429522465,0.374275916
Hippowdon,ground,,47,112,118,0.261111111,0.605405405,0.513043478,1.379559995,0.189271298,0.438839491,0.371889211
Skorupi,poison,bug,65,50,90,0.361111111,0.27027027,0.391304348,1.022685729,0.353100763,0.264274999,0.382624238
Drapion,poison,dark,95,90,110,0.527777778,0.486486486,0.47826087,1.492525134,0.353613997,0.325948606,0.320437397
Croagunk,poison,fighting,50,61,40,0.277777778,0.32972973,0.173913043,0.781420551,0.355477953,0.421961938,0.22256011
Toxicroak,poison,fighting,85,106,65,0.472222222,0.572972973,0.282608696,1.327803891,0.355641541,0.431519275,0.212839183
Carnivine,grass,,46,100,72,0.255555556,0.540540541,0.313043478,1.109139574,0.230408834,0.487351234,0.282239932
Finneon,water,,66,49,56,0.366666667,0.264864865,0.243478261,0.875009792,0.419042929,0.302699315,0.278257755
Lumineon,water,,91,69,76,0.505555556,0.372972973,0.330434783,1.208963311,0.418172786,0.308506445,0.27332077
Mantyke,water,flying,50,20,50,0.277777778,0.108108108,0.217391304,0.60327719,0.460448003,0.179201385,0.360350611
Snover,grass,ice,40,62,50,0.222222222,0.335135135,0.217391304,0.774748662,0.286831373,0.432572719,0.280595908
Abomasnow,grass,ice,30,132,105,0.166666667,0.713513514,0.456521739,1.336701919,0.124684991,0.533786556,0.341528453
Weavile,dark,ice,125,120,65,0.694444444,0.648648649,0.282608696,1.625701789,0.427165947,0.398996085,0.173837968
Magnezone,electric,steel,60,70,115,0.333333333,0.378378378,0.5,1.211711712,0.275092937,0.312267658,0.412639405
Lickilicky,normal,,50,85,95,0.277777778,0.459459459,0.413043478,1.150280715,0.241486947,0.399432463,0.35908059
Rhyperior,ground,rock,40,140,130,0.222222222,0.756756757,0.565217391,1.54419637,0.143908007,0.490065105,0.366026888
Tangrowth,grass,,50,100,125,0.277777778,0.540540541,0.543478261,1.361796579,0.203978907,0.396931927,0.399089166
Electivire,electric,,95,123,67,0.527777778,0.664864865,0.291304348,1.48394699,0.355658107,0.44803815,0.196303742
Magmortar,fire,,83,95,67,0.461111111,0.513513514,0.291304348,1.265928972,0.364247222,0.405641647,0.230111131
Togekiss,fairy,flying,80,50,95,0.444444444,0.27027027,0.413043478,1.127758193,0.394095514,0.239652677,0.366251809
Yanmega,bug,flying,95,76,86,0.527777778,0.410810811,0.373913043,1.312501632,0.402115902,0.312998324,0.284885774
Leafeon,grass,,95,110,130,0.527777778,0.594594595,0.565217391,1.687589764,0.312740566,0.352333611,0.334925823
Glaceon,ice,,65,60,110,0.361111111,0.324324324,0.47826087,1.163696305,0.310313876,0.27870186,0.410984264
Gliscor,ground,flying,95,95,125,0.527777778,0.513513514,0.543478261,1.584769552,0.333031245,0.324030401,0.342938353
Mamoswine,ice,ground,80,130,80,0.444444444,0.702702703,0.347826087,1.494973234,0.297292576,0.470043668,0.232663755
Porygon-Z,normal,,90,80,70,0.5,0.432432432,0.304347826,1.236780259,0.404275534,0.349643705,0.24608076
Gallade,psychic,fighting,110,165,95,0.611111111,0.891891892,0.413043478,1.916046481,0.318943782,0.46548552,0.215570698
Probopass,rock,steel,40,55,145,0.222222222,0.297297297,0.630434783,1.149954302,0.193244394,0.258529662,0.548225944
Dusknoir,ghost,,45,100,135,0.25,0.540540541,0.586956522,1.377497062,0.18148859,0.392407763,0.426103647
Froslass,ice,ghost,110,80,70,0.611111111,0.432432432,0.304347826,1.34789137,0.453383058,0.320821427,0.225795515
Rotom,electric,ghost,86,65,107,0.477777778,0.351351351,0.465217391,1.29434652,0.369126637,0.271450764,0.3594226
Uxie,psychic,,95,75,130,0.527777778,0.405405405,0.565217391,1.498400574,0.352227426,0.270558763,0.377213811
Mesprit,psychic,,80,105,105,0.444444444,0.567567568,0.456521739,1.468533751,0.302645032,0.386485886,0.310869082
Azelf,psychic,,115,125,70,0.638888889,0.675675676,0.304347826,1.618912391,0.394640805,0.417363953,0.187995242
Dialga,steel,dragon,90,120,120,0.5,0.648648649,0.52173913,1.670387779,0.299331692,0.388322195,0.312346113
Palkia,water,dragon,100,120,100,0.555555556,0.648648649,0.434782609,1.638986813,0.338962798,0.395761969,0.265275233
Heatran,fire,steel,77,90,106,0.427777778,0.486486486,0.460869565,1.375133829,0.311080833,0.353773921,0.335145246
Regigigas,normal,,100,160,110,0.555555556,0.864864865,0.47826087,1.89868129,0.292600743,0.455508183,0.251891074
Giratina,ghost,dragon,90,120,100,0.5,0.648648649,0.434782609,1.583431257,0.315769944,0.409647495,0.27458256
Cresselia,psychic,,85,70,120,0.472222222,0.378378378,0.52173913,1.372339731,0.344100088,0.275717718,0.380182194
Phione,water,,80,80,80,0.444444444,0.432432432,0.347826087,1.224702964,0.362899787,0.353091684,0.284008529
Manaphy,water,,100,100,100,0.555555556,0.540540541,0.434782609,1.530878705,0.362899787,0.353091684,0.284008529
Darkrai,dark,,125,90,90,0.694444444,0.486486486,0.391304348,1.572235279,0.441692445,0.309423464,0.248884091
Shaymin,grass,grass,127,103,75,0.705555556,0.556756757,0.326086957,1.588399269,0.444192823,0.350514362,0.205292815
Arceus,normal,,120,120,120,0.666666667,0.648648649,0.52173913,1.837054446,0.362899787,0.353091684,0.284008529
Victini,psychic,fire,100,100,100,0.555555556,0.540540541,0.434782609,1.530878705,0.362899787,0.353091684,0.284008529
Snivy,grass,,63,45,55,0.35,0.243243243,0.239130435,0.832373678,0.420484224,0.292228418,0.287287358
Servine,grass,,83,60,75,0.461111111,0.324324324,0.326086957,1.111522392,0.414846443,0.291783887,0.293369669
Serperior,grass,,113,75,95,0.627777778,0.405405405,0.413043478,1.446226661,0.434079798,0.280319411,0.285600791
Tepig,fire,,45,63,45,0.25,0.340540541,0.195652174,0.786192714,0.317988192,0.433151483,0.248860324
Pignite,fire,fighting,55,93,55,0.305555556,0.502702703,0.239130435,1.047388693,0.291730814,0.479958115,0.228311071
Emboar,fire,fighting,65,123,65,0.361111111,0.664864865,0.282608696,1.308584672,0.27595548,0.508079362,0.215965158
Oshawott,water,,45,55,45,0.25,0.297297297,0.195652174,0.742949471,0.336496639,0.400158165,0.263345196
Dewott,water,,60,75,60,0.333333333,0.405405405,0.260869565,0.999608304,0.33346395,0.405564263,0.260971787
Samurott,water,,70,100,85,0.388888889,0.540540541,0.369565217,1.298994647,0.299376822,0.416122223,0.284500955
Patrat,normal,,42,55,39,0.233333333,0.297297297,0.169565217,0.700195848,0.333240098,0.424591631,0.24216827
Watchog,normal,,77,85,69,0.427777778,0.459459459,0.3,1.187237237,0.360313646,0.386998862,0.252687492
Lillipup,normal,,55,60,45,0.305555556,0.324324324,0.195652174,0.825532054,0.370131667,0.392867028,0.237001305
Herdier,normal,,60,80,65,0.333333333,0.432432432,0.282608696,1.048374461,0.31795255,0.412478984,0.269568466
Stoutland,normal,,80,110,90,0.444444444,0.594594595,0.391304348,1.430343387,0.310725696,0.415700593,0.273573711
Purrloin,dark,,66,50,37,0.366666667,0.27027027,0.160869565,0.797806502,0.45959348,0.338766693,0.201639827
Liepard,dark,,106,88,50,0.588888889,0.475675676,0.217391304,1.281955869,0.45936752,0.371054642,0.169577838
Pansage,grass,,64,53,48,0.355555556,0.286486486,0.208695652,0.850737694,0.417937935,0.336750668,0.245311397
Simisage,grass,,101,98,63,0.561111111,0.52972973,0.273913043,1.364753884,0.411144542,0.388150373,0.200705084
Pansear,fire,,64,53,48,0.355555556,0.286486486,0.208695652,0.850737694,0.417937935,0.336750668,0.245311397
Simisear,fire,,101,98,63,0.561111111,0.52972973,0.273913043,1.364753884,0.411144542,0.388150373,0.200705084
Panpour,water,,64,53,48,0.355555556,0.286486486,0.208695652,0.850737694,0.417937935,0.336750668,0.245311397
Simipour,water,,101,98,63,0.561111111,0.52972973,0.273913043,1.364753884,0.411144542,0.388150373,0.200705084
Munna,psychic,,24,25,45,0.133333333,0.135135135,0.195652174,0.464120642,0.287281627,0.291163811,0.421554562
Musharna,psychic,,29,55,85,0.161111111,0.297297297,0.369565217,0.827973626,0.194584835,0.359066144,0.446349021
Pidove,normal,flying,43,55,50,0.238888889,0.297297297,0.217391304,0.753577491,0.317006402,0.394514567,0.288479031
Tranquill,normal,flying,65,77,62,0.361111111,0.416216216,0.269565217,1.046892545,0.344936176,0.397573006,0.257490818
Unfezant,normal,flying,93,115,80,0.516666667,0.621621622,0.347826087,1.486114375,0.347662788,0.418286528,0.234050685
Blitzle,electric,,76,60,32,0.422222222,0.324324324,0.139130435,0.885676981,0.476722587,0.366188047,0.157089365
Zebstrika,electric,,116,100,63,0.644444444,0.540540541,0.273913043,1.458898028,0.441733714,0.370512901,0.187753385
Roggenrola,rock,,15,75,85,0.083333333,0.405405405,0.369565217,0.858303956,0.097090702,0.472333143,0.430576155
Boldore,rock,,20,105,105,0.111111111,0.567567568,0.456521739,1.135200418,0.097877969,0.499971246,0.402150785
Gigalith,rock,,25,135,130,0.138888889,0.72972973,0.565217391,1.43383601,0.096865254,0.508935279,0.394199467
Woobat,psychic,flying,72,45,43,0.4,0.243243243,0.186956522,0.830199765,0.481811748,0.292993631,0.225194621
Swoobat,psychic,flying,114,57,55,0.633333333,0.308108108,0.239130435,1.180571876,0.536463172,0.260982084,0.202554745
Drilbur,ground,,68,85,40,0.377777778,0.459459459,0.173913043,1.011150281,0.3736119,0.454392852,0.171995248
Excadrill,ground,steel,88,135,60,0.488888889,0.72972973,0.260869565,1.479488184,0.330444605,0.493231198,0.176324196
Audino,normal,,50,60,126,0.277777778,0.324324324,0.547826087,1.149928189,0.241560978,0.282038763,0.476400259
Timburr,fighting,,35,80,55,0.194444444,0.432432432,0.239130435,0.866007312,0.224529795,0.499340394,0.27612981
Gurdurr,fighting,,40,105,85,0.222222222,0.567567568,0.369565217,1.159355007,0.191677459,0.489554592,0.318767949
Conkeldurr,fighting,,45,140,95,0.25,0.756756757,0.413043478,1.419800235,0.176081109,0.533002276,0.290916615
Tympole,water,,64,50,40,0.355555556,0.27027027,0.173913043,0.799738869,0.444589564,0.337948149,0.217462287
Palpitoad,water,ground,69,65,55,0.383333333,0.351351351,0.239130435,0.973815119,0.39364077,0.360798825,0.245560405
Seismitoad,water,ground,74,95,75,0.411111111,0.513513514,0.326086957,1.250711581,0.328701771,0.410577084,0.260721146
Throh,fighting,,45,100,85,0.25,0.540540541,0.369565217,1.160105758,0.215497594,0.465940744,0.318561661
Sawk,fighting,,85,125,75,0.472222222,0.675675676,0.326086957,1.473984854,0.32037115,0.458400691,0.22122816
Sewaddle,bug,grass,42,53,70,0.233333333,0.286486486,0.304347826,0.824167646,0.28311392,0.347607053,0.369279027
Swadloon,bug,grass,42,63,90,0.233333333,0.340540541,0.391304348,0.965178222,0.241751552,0.35282659,0.405421858
Leavanny,bug,grass,92,103,80,0.511111111,0.556756757,0.347826087,1.415693955,0.361032206,0.3932748,0.245692994
Venipede,bug,poison,57,45,59,0.316666667,0.243243243,0.256521739,0.816431649,0.387866721,0.297934608,0.314198671
Whirlipede,bug,poison,47,55,99,0.261111111,0.297297297,0.430434783,0.988843191,0.264057146,0.30065161,0.435291244
Scolipede,bug,poison,112,100,89,0.622222222,0.540540541,0.386956522,1.549719285,0.401506407,0.348799002,0.24969459
Cottonee,grass,fairy,66,27,60,0.366666667,0.145945946,0.260869565,0.773482178,0.474046691,0.188686889,0.33726642
Whimsicott,grass,fairy,116,67,85,0.644444444,0.362162162,0.369565217,1.376171824,0.468287777,0.263166384,0.268545839
Petilil,grass,,30,35,50,0.166666667,0.189189189,0.217391304,0.57324716,0.290741373,0.330030748,0.379227878
Lilligant,grass,,90,60,75,0.5,0.324324324,0.326086957,1.150411281,0.434627171,0.281920327,0.283452503
Basculin,water,,98,92,65,0.544444444,0.497297297,0.282608696,1.324350437,0.411103005,0.3755028,0.213394195
Sandile,ground,dark,65,72,35,0.361111111,0.389189189,0.152173913,0.902474213,0.400134548,0.43124688,0.168618572
Krokorok,ground,dark,74,82,45,0.411111111,0.443243243,0.195652174,1.050006528,0.391531957,0.422133798,0.186334245
Krookodile,ground,dark,92,117,80,0.511111111,0.632432432,0.347826087,1.491369631,0.342712565,0.424061493,0.233225942
Darumaka,fire,,50,90,45,0.277777778,0.486486486,0.195652174,0.959916438,0.28937704,0.506800871,0.203822089
Darmanitan,fire,fire,55,30,105,0.305555556,0.162162162,0.456521739,0.924239457,0.330602154,0.175454706,0.49394314
Maractus,grass,,60,86,67,0.333333333,0.464864865,0.291304348,1.089502546,0.305950027,0.426676254,0.267373719
Dwebble,bug,rock,55,65,85,0.305555556,0.351351351,0.369565217,1.026472124,0.297675454,0.342290203,0.360034343
Crustle,bug,rock,45,105,125,0.25,0.567567568,0.543478261,1.361045828,0.183682279,0.417008418,0.399309303
Scraggy,dark,fighting,48,75,70,0.266666667,0.405405405,0.304347826,0.976419898,0.273106547,0.415195764,0.311697689
Scrafty,dark,fighting,58,90,115,0.322222222,0.486486486,0.5,1.308708709,0.24621386,0.371730151,0.382055989
Sigilyph,psychic,flying,97,58,80,0.538888889,0.313513514,0.347826087,1.200228489,0.448988583,0.261211525,0.289799892
Yamask,ghost,,30,30,85,0.166666667,0.162162162,0.369565217,0.698394046,0.238642737,0.232192933,0.52916433
Cofagrigus,ghost,,30,50,145,0.166666667,0.27027027,0.630434783,1.06737172,0.156146789,0.253211009,0.590642202
Tirtouga,water,rock,22,78,103,0.122222222,0.421621622,0.447826087,0.991669931,0.123248894,0.425163261,0.451587845
Carracosta,water,rock,32,108,133,0.177777778,0.583783784,0.57826087,1.339822431,0.132687566,0.435717279,0.431595155
Archen,rock,flying,70,112,45,0.388888889,0.605405405,0.195652174,1.189946468,0.326812087,0.508766925,0.164420988
Archeops,rock,flying,110,140,65,0.611111111,0.756756757,0.282608696,1.650476564,0.370263429,0.458508029,0.171228542
Trubbish,poison,,65,50,62,0.361111111,0.27027027,0.269565217,0.900946599,0.400813002,0.299984783,0.299202214
Garbodor,poison,,75,95,82,0.416666667,0.513513514,0.356521739,1.286701919,0.323825325,0.399092832,0.277081843
Zorua,dark,,65,65,40,0.361111111,0.351351351,0.173913043,0.886375506,0.407401952,0.396391088,0.19620696
Zoroark,dark,,105,105,60,0.583333333,0.567567568,0.260869565,1.411770466,0.413192759,0.402025387,0.184781855
Minccino,normal,,75,50,40,0.416666667,0.27027027,0.173913043,0.86084998,0.484017745,0.313957456,0.202024798
Cinccino,normal,,115,95,60,0.638888889,0.513513514,0.260869565,1.413271968,0.452063653,0.36335081,0.184585537
Gothita,psychic,,45,30,50,0.25,0.162162162,0.217391304,0.629553467,0.39710686,0.257582828,0.345310313
Gothorita,psychic,,55,45,70,0.305555556,0.243243243,0.304347826,0.853146625,0.35815128,0.285113058,0.356735662
Gothitelle,psychic,,65,55,95,0.361111111,0.297297297,0.413043478,1.071451887,0.337029703,0.277471439,0.385498858
Solosis,psychic,,20,30,40,0.111111111,0.162162162,0.173913043,0.447186317,0.248467153,0.362627737,0.388905109
Duosion,psychic,,30,40,50,0.166666667,0.216216216,0.217391304,0.600274187,0.277650897,0.360195759,0.362153344
Reuniclus,psychic,,30,65,75,0.166666667,0.351351351,0.326086957,0.844104975,0.197447796,0.416241299,0.386310905
Ducklett,water,flying,55,44,50,0.305555556,0.237837838,0.217391304,0.760784698,0.4016321,0.312621742,0.285746158
Swanna,water,flying,98,87,63,0.544444444,0.47027027,0.273913043,1.288627758,0.422499392,0.364938802,0.212561806
Vanillite,ice,,44,50,50,0.244444444,0.27027027,0.217391304,0.732106019,0.333892139,0.369168212,0.296939649
Vanillish,ice,,59,65,65,0.327777778,0.351351351,0.282608696,0.961737825,0.340818224,0.365329659,0.293852117
Vanilluxe,ice,,79,95,85,0.438888889,0.513513514,0.369565217,1.32196762,0.331996701,0.388446363,0.279556936
Deerling,normal,grass,75,60,50,0.416666667,0.324324324,0.217391304,0.958382295,0.434760396,0.338408092,0.226831511
Sawsbuck,normal,grass,95,100,70,0.527777778,0.540540541,0.304347826,1.372666144,0.384490999,0.39378879,0.22172021
Emolga,electric,flying,103,75,60,0.572222222,0.405405405,0.260869565,1.238497193,0.462029487,0.327336556,0.210633958
Karrablast,bug,,60,75,45,0.333333333,0.405405405,0.195652174,0.934390913,0.356738629,0.433871306,0.209390065
Escavalier,bug,steel,20,135,105,0.111111111,0.72972973,0.456521739,1.29736258,0.085643838,0.562471695,0.351884466
Foongus,grass,poison,15,55,45,0.083333333,0.297297297,0.195652174,0.576282805,0.144604928,0.51588785,0.339507222
Amoonguss,grass,poison,30,85,70,0.166666667,0.459459459,0.304347826,0.930473952,0.179120185,0.493790781,0.327089034
Frillish,water,ghost,40,40,50,0.222222222,0.216216216,0.217391304,0.655829743,0.33884133,0.329683456,0.331475214
Jellicent,water,ghost,60,60,70,0.333333333,0.324324324,0.304347826,0.962005484,0.346498371,0.33713355,0.316368078
Alomomola,water,,65,75,80,0.361111111,0.405405405,0.347826087,1.114342603,0.32405753,0.36380679,0.312135681
Joltik,bug,electric,65,47,50,0.361111111,0.254054054,0.217391304,0.83255647,0.433737679,0.305149336,0.261112984
Galvantula,bug,electric,108,77,60,0.6,0.416216216,0.260869565,1.277085781,0.469819654,0.325910931,0.204269415
Ferroseed,grass,steel,10,50,91,0.055555556,0.27027027,0.395652174,0.721478,0.077002425,0.374606392,0.548391183
Ferrothorn,grass,steel,20,94,131,0.111111111,0.508108108,0.569565217,1.188784437,0.093466156,0.427418203,0.479115641
Klink,steel,,30,55,70,0.166666667,0.297297297,0.304347826,0.76831179,0.216925822,0.386948764,0.396125414
Klang,steel,,50,80,95,0.277777778,0.432432432,0.413043478,1.123253688,0.247297454,0.384981983,0.367720563
Klinklang,steel,,90,100,115,0.5,0.540540541,0.5,1.540540541,0.324561404,0.350877193,0.324561404
Tynamo,electric,,60,55,40,0.333333333,0.297297297,0.173913043,0.804543674,0.414313535,0.369522882,0.216163583
Eelektrik,electric,,40,85,70,0.222222222,0.459459459,0.304347826,0.986029508,0.225370763,0.46596928,0.308659958
Eelektross,electric,,50,115,80,0.277777778,0.621621622,0.347826087,1.247225486,0.222716566,0.498403559,0.278879874
Elgyem,psychic,,30,55,55,0.166666667,0.297297297,0.239130435,0.703094399,0.237047354,0.422841226,0.340111421
Beheeyem,psychic,,40,75,75,0.222222222,0.405405405,0.326086957,0.953714584,0.23300705,0.42508043,0.34191252
Litwick,ghost,fire,20,30,55,0.111111111,0.162162162,0.239130435,0.512403708,0.21684291,0.316473436,0.466683654
Lampent,ghost,fire,55,40,60,0.305555556,0.216216216,0.260869565,0.782641337,0.390415815,0.276264754,0.333319431
Chandelure,ghost,fire,80,55,90,0.444444444,0.297297297,0.391304348,1.13304609,0.39225628,0.262387647,0.345356073
Axew,dragon,,57,87,60,0.316666667,0.47027027,0.260869565,1.047806502,0.30221865,0.448814041,0.248967309
Fraxure,dragon,,67,117,70,0.372222222,0.632432432,0.304347826,1.309002481,0.284355628,0.483140744,0.232503628
Haxorus,dragon,,97,147,90,0.538888889,0.794594595,0.391304348,1.724787831,0.312437785,0.460691211,0.226871004
Cubchoo,ice,,40,70,40,0.222222222,0.378378378,0.173913043,0.774513644,0.286918409,0.48853675,0.224544842
Beartic,ice,,50,130,80,0.277777778,0.702702703,0.347826087,1.328306567,0.209121738,0.529021477,0.261856785
Cryogonal,ice,,105,50,50,0.583333333,0.27027027,0.217391304,1.070994908,0.544664899,0.252354393,0.202980708
Shelmet,bug,,25,40,85,0.138888889,0.216216216,0.369565217,0.724670322,0.191658033,0.298364939,0.509977028
Accelgor,bug,,145,70,40,0.805555556,0.378378378,0.173913043,1.357846977,0.593259453,0.278660545,0.128080002
Stunfisk,ground,electric,32,66,84,0.177777778,0.356756757,0.365217391,0.899751926,0.197585326,0.396505688,0.405908985
Mienfoo,fighting,,65,85,50,0.361111111,0.459459459,0.217391304,1.037961875,0.347904022,0.442655429,0.209440548
Mienshao,fighting,,105,125,60,0.583333333,0.675675676,0.260869565,1.519878574,0.38380259,0.444558985,0.171638425
Druddigon,dragon,,48,120,90,0.266666667,0.648648649,0.391304348,1.306619663,0.204088974,0.49643264,0.299478386
Golett,ground,ghost,35,74,50,0.194444444,0.4,0.217391304,0.811835749,0.23951205,0.492710503,0.267777447
Golurk,ground,ghost,55,124,80,0.305555556,0.67027027,0.347826087,1.323651913,0.230842832,0.506379558,0.262777611
Pawniard,dark,steel,60,85,70,0.333333333,0.459459459,0.304347826,1.097140619,0.303820064,0.418779007,0.277400928
Bisharp,dark,steel,70,125,100,0.388888889,0.675675676,0.434782609,1.499347173,0.259372143,0.45064658,0.289981277
Bouffalant,normal,,55,110,95,0.305555556,0.594594595,0.413043478,1.313193628,0.232681266,0.452785166,0.314533569
Rufflet,normal,flying,60,83,50,0.333333333,0.448648649,0.217391304,0.999373286,0.333542369,0.448929999,0.217527632
Braviary,normal,flying,80,123,75,0.444444444,0.664864865,0.326086957,1.435396266,0.30963188,0.463192556,0.227175564
Vullaby,dark,flying,60,55,75,0.333333333,0.297297297,0.326086957,0.956717587,0.348413511,0.310747185,0.340839304
Mandibuzz,dark,flying,80,65,105,0.444444444,0.351351351,0.456521739,1.252317535,0.354897566,0.280560913,0.364541521
Heatmor,fire,,65,97,66,0.361111111,0.524324324,0.286956522,1.172391957,0.308012273,0.447226136,0.244761592
Durant,bug,steel,109,109,112,0.605555556,0.589189189,0.486956522,1.681701266,0.360085092,0.350353063,0.289561845
Deino,dark,dragon,38,65,50,0.211111111,0.351351351,0.217391304,0.779853767,0.270706022,0.450534916,0.278759062
Zweilous,dark,dragon,58,85,70,0.322222222,0.459459459,0.304347826,1.086029508,0.296697484,0.423063514,0.280239003
Hydreigon,dark,dragon,98,105,90,0.544444444,0.567567568,0.391304348,1.50331636,0.362162256,0.377543665,0.260294079
Larvesta,bug,fire,60,85,55,0.333333333,0.459459459,0.239130435,1.031923228,0.323021446,0.445245777,0.231732777
Volcarona,bug,fire,100,60,65,0.555555556,0.324324324,0.282608696,1.162488576,0.477901949,0.278991408,0.243106643
Cobalion,steel,fighting,108,90,129,0.6,0.486486486,0.560869565,1.647356052,0.364219987,0.295313503,0.34046651
Terrakion,rock,fighting,108,129,90,0.6,0.697297297,0.391304348,1.688601645,0.355323591,0.412943633,0.231732777
Virizion,grass,fighting,108,90,72,0.6,0.486486486,0.313043478,1.399529965,0.428715365,0.347607053,0.223677582
Tornadus,flying,,121,100,80,0.672222222,0.540540541,0.347826087,1.56058885,0.430749087,0.346369603,0.22288131
Thundurus,electric,flying,101,105,70,0.561111111,0.567567568,0.304347826,1.433026505,0.391556687,0.396062156,0.212381156
Reshiram,dragon,fire,90,120,100,0.5,0.648648649,0.434782609,1.583431257,0.315769944,0.409647495,0.27458256
Zekrom,dragon,electric,90,150,120,0.5,0.810810811,0.52173913,1.832549941,0.27284386,0.442449503,0.284706637
Landorus,ground,flying,91,145,90,0.505555556,0.783783784,0.391304348,1.680643687,0.300810671,0.466359282,0.232830046
Kyurem,dragon,ice,95,120,90,0.527777778,0.648648649,0.391304348,1.567730774,0.336650773,0.413750026,0.2495992
Keldeo,water,fighting,108,72,90,0.6,0.389189189,0.391304348,1.380493537,0.434627171,0.281920327,0.283452503
Meloetta,normal,psychic,128,128,90,0.711111111,0.691891892,0.391304348,1.794307351,0.396315108,0.385603889,0.218081004
Genesect,bug,steel,99,120,95,0.55,0.648648649,0.413043478,1.611692127,0.341256243,0.402464365,0.256279392
Chespin,grass,,38,61,65,0.211111111,0.32972973,0.282608696,0.823449536,0.256374072,0.400424938,0.343200989
Quilladin,grass,,57,78,95,0.316666667,0.421621622,0.413043478,1.151331767,0.275043802,0.366203412,0.358752785
Chesnaught,grass,fighting,64,107,122,0.355555556,0.578378378,0.530434783,1.464368717,0.242804665,0.394967724,0.362227612
Fennekin,fire,,60,45,40,0.333333333,0.243243243,0.173913043,0.75048962,0.444154489,0.324112735,0.231732777
Braixen,fire,,73,59,58,0.405555556,0.318918919,0.252173913,0.976648388,0.415252368,0.326544254,0.258203378
Delphox,fire,psychic,104,69,72,0.577777778,0.372972973,0.313043478,1.263794229,0.457177098,0.295121598,0.247701304
Froakie,water,,71,56,40,0.394444444,0.302702703,0.173913043,0.871060191,0.452832593,0.347510661,0.199656746
Frogadier,water,,97,63,52,0.538888889,0.340540541,0.226086957,1.105516386,0.487454456,0.308037533,0.20450801
Greninja,water,dark,132,145,67,0.733333333,0.783783784,0.291304348,1.808421465,0.405510191,0.433407698,0.161082111
Bunnelby,normal,,57,36,38,0.316666667,0.194594595,0.165217391,0.676478653,0.468110362,0.287658145,0.244231493
Diggersby,normal,ground,78,56,77,0.433333333,0.302702703,0.334782609,1.070818645,0.404674812,0.282683444,0.312641744
Fletchling,normal,flying,62,50,43,0.344444444,0.27027027,0.186956522,0.801671236,0.42965798,0.33713355,0.233208469
Fletchinder,fire,flying,84,73,55,0.466666667,0.394594595,0.239130435,1.100391696,0.424091411,0.358594668,0.217313922
Talonflame,fire,flying,126,81,71,0.7,0.437837838,0.308695652,1.44653349,0.483915516,0.302680747,0.213403737
Scatterbug,bug,,35,35,40,0.194444444,0.189189189,0.173913043,0.557546677,0.348750073,0.339324396,0.311925531
Spewpa,bug,,29,22,60,0.161111111,0.118918919,0.260869565,0.540899595,0.297857703,0.219853962,0.482288335
Vivillon,bug,flying,89,52,50,0.494444444,0.281081081,0.217391304,0.99291683,0.497971662,0.283086229,0.218942109
Litleo,fire,normal,72,50,58,0.4,0.27027027,0.252173913,0.922444183,0.433630573,0.292993631,0.273375796
Pyroar,fire,normal,106,68,72,0.588888889,0.367567568,0.313043478,1.269499935,0.46387469,0.289537287,0.246588022
Flabb,fairy,,42,38,39,0.233333333,0.205405405,0.169565217,0.608303956,0.383580167,0.337669028,0.278750805
Floette,fairy,,92,65,67,0.511111111,0.351351351,0.291304348,1.15376681,0.442993425,0.304525445,0.25248113
Florges,fairy,,75,65,68,0.416666667,0.351351351,0.295652174,1.063670192,0.391725433,0.330319825,0.277954742
Skiddo,grass,,52,65,48,0.288888889,0.351351351,0.208695652,0.848935892,0.340295294,0.413872655,0.245832052
Gogoat,grass,,68,100,62,0.377777778,0.540540541,0.269565217,1.187883536,0.31802594,0.455045065,0.226928995
Pancham,fighting,,43,82,62,0.238888889,0.443243243,0.269565217,0.95169735,0.251013507,0.465739705,0.283246788
Pangoro,fighting,dark,58,124,78,0.322222222,0.67027027,0.339130435,1.331622927,0.241977076,0.5033484,0.254674524
Furfrou,normal,,102,80,60,0.566666667,0.432432432,0.260869565,1.259968664,0.449746635,0.343208879,0.207044487
Espurr,psychic,,68,48,54,0.377777778,0.259459459,0.234782609,0.872019846,0.433221537,0.29753848,0.269239983
Meowstic,psychic,,104,48,76,0.577777778,0.259459459,0.330434783,1.16767202,0.494811701,0.222202344,0.282985956
Honedge,steel,ghost,28,80,100,0.155555556,0.432432432,0.434782609,1.022770597,0.152092323,0.422804912,0.425102765
Doublade,steel,ghost,35,110,150,0.194444444,0.594594595,0.652173913,1.441212952,0.13491722,0.412565398,0.452517383
Aegislash,steel,ghost,60,150,50,0.333333333,0.810810811,0.217391304,1.361535448,0.244821634,0.595512083,0.159666283
Spritzee,fairy,,23,52,60,0.127777778,0.281081081,0.260869565,0.669728424,0.190790436,0.419694119,0.389515445
Aromatisse,fairy,,29,72,72,0.161111111,0.389189189,0.313043478,0.863343779,0.186612929,0.450792835,0.362594237
Swirlix,fairy,,49,48,66,0.272222222,0.259459459,0.286956522,0.818638203,0.332530562,0.316940326,0.350529111
Slurpuff,fairy,,72,80,86,0.4,0.432432432,0.373913043,1.206345476,0.331579973,0.358464835,0.309955192
Inkay,dark,psychic,45,54,53,0.25,0.291891892,0.230434783,0.772326675,0.323697223,0.37793838,0.298364397
Malamar,dark,psychic,73,92,88,0.405555556,0.497297297,0.382608696,1.285461549,0.315494117,0.386862834,0.29764305
Binacle,rock,water,50,52,67,0.277777778,0.281081081,0.291304348,0.850163207,0.32673465,0.330620143,0.342645207
Barbaracle,rock,water,68,105,115,0.377777778,0.567567568,0.5,1.445345345,0.261375442,0.392686474,0.345938084
Skrelp,poison,water,30,60,60,0.166666667,0.324324324,0.260869565,0.751860556,0.22167231,0.431362334,0.346965356
Dragalge,poison,dragon,44,75,90,0.244444444,0.405405405,0.391304348,1.041154198,0.234782173,0.389380753,0.375837075
Clauncher,water,,44,53,62,0.244444444,0.286486486,0.269565217,0.800496148,0.305366172,0.357886152,0.336747676
Clawitzer,water,,59,73,88,0.327777778,0.394594595,0.382608696,1.104981068,0.296636555,0.357105299,0.346258146
Helioptile,electric,normal,70,38,33,0.388888889,0.205405405,0.143478261,0.737772555,0.527112165,0.278412912,0.194474923
Heliolisk,electric,normal,109,55,52,0.605555556,0.297297297,0.226086957,1.128939809,0.536393128,0.263342027,0.200264846
Tyrunt,rock,dragon,48,89,77,0.266666667,0.481081081,0.334782609,1.082530356,0.246336433,0.444404241,0.309259326
Tyrantrum,rock,dragon,71,121,119,0.394444444,0.654054054,0.517391304,1.565889803,0.251897958,0.41768843,0.330413611
Amaura,rock,ice,46,59,50,0.255555556,0.318918919,0.217391304,0.791865779,0.322725849,0.402743656,0.274530495
Aurorus,rock,ice,58,77,72,0.322222222,0.416216216,0.313043478,1.051481917,0.306445805,0.395837731,0.297716464
Sylveon,fairy,,60,65,65,0.333333333,0.351351351,0.282608696,0.96729338,0.344604171,0.363231423,0.292164406
Hawlucha,fighting,flying,118,92,75,0.655555556,0.497297297,0.326086957,1.478939809,0.44326047,0.33625256,0.220486969
Dedenne,electric,fairy,101,58,57,0.561111111,0.313513514,0.247826087,1.122450712,0.499898219,0.279311608,0.220790173
Carbink,rock,fairy,50,50,150,0.277777778,0.27027027,0.652173913,1.200221961,0.231438673,0.225183574,0.543377754
Goomy,dragon,,40,50,35,0.222222222,0.27027027,0.152173913,0.644666406,0.344708861,0.419240506,0.236050633
Sliggoo,dragon,,60,75,53,0.333333333,0.405405405,0.230434783,0.969173521,0.343935659,0.418300125,0.237764216
Goodra,dragon,,80,100,70,0.444444444,0.540540541,0.304347826,1.289332811,0.344708861,0.419240506,0.236050633
Klefki,steel,fairy,75,80,91,0.416666667,0.432432432,0.395652174,1.244751273,0.334738896,0.347404692,0.317856412
Phantump,ghost,grass,38,70,48,0.211111111,0.378378378,0.208695652,0.798185142,0.264488901,0.474048386,0.261462712
Trevenant,ghost,grass,56,110,76,0.311111111,0.594594595,0.330434783,1.236140488,0.251679412,0.481008915,0.267311673
Pumpkaboo,ghost,grass,41,66,70,0.227777778,0.356756757,0.304347826,0.888882361,0.256251882,0.401354299,0.342393819
Gourgeist,ghost,grass,54,100,122,0.3,0.540540541,0.530434783,1.370975323,0.218822319,0.394274449,0.386903231
Bergmite,ice,,28,69,85,0.155555556,0.372972973,0.369565217,0.898093746,0.173206368,0.415294032,0.4114996
Avalugg,ice,,28,117,184,0.155555556,0.632432432,0.8,1.587987988,0.09795764,0.398260212,0.503782148
Noibat,flying,dragon,55,30,35,0.305555556,0.162162162,0.152173913,0.619891631,0.492917698,0.261597599,0.245484703
Noivern,flying,dragon,123,70,80,0.683333333,0.378378378,0.347826087,1.409537799,0.484792486,0.268441456,0.246766059
Xerneas,fairy,,99,131,95,0.55,0.708108108,0.413043478,1.671151586,0.329114369,0.423724642,0.247160989
Yveltal,dark,flying,99,131,95,0.55,0.708108108,0.413043478,1.671151586,0.329114369,0.423724642,0.247160989
Zygarde,dragon,ground,85,100,121,0.472222222,0.540540541,0.526086957,1.538849719,0.306867017,0.351262722,0.341870262
Diancie,rock,fairy,110,160,110,0.611111111,0.864864865,0.47826087,1.954236846,0.312710874,0.442558878,0.244730249
Hoopa,psychic,ghost,80,160,60,0.444444444,0.864864865,0.260869565,1.570178875,0.283053384,0.550806586,0.16614003
Volcanion,fire,water,70,110,120,0.388888889,0.594594595,0.52173913,1.505222614,0.258359717,0.395021035,0.346619248
Rowlet,grass,flying,42,55,55,0.233333333,0.297297297,0.239130435,0.769761065,0.303124364,0.386220232,0.310655404
Dartrix,grass,flying,52,75,75,0.288888889,0.405405405,0.326086957,1.020381251,0.283118578,0.397307776,0.319573646
Decidueye,grass,ghost,70,107,75,0.388888889,0.578378378,0.326086957,1.293354224,0.300682428,0.447192554,0.252125018
Litten,fire,,70,65,40,0.388888889,0.351351351,0.173913043,0.914153284,0.425408841,0.384346212,0.190244948
Torracat,fire,,90,85,50,0.5,0.459459459,0.217391304,1.176850764,0.424862706,0.390414378,0.184722916
Incineroar,fire,dark,60,115,90,0.333333333,0.621621622,0.391304348,1.346259303,0.247599651,0.461739889,0.29066046
Popplio,water,,40,54,54,0.222222222,0.291891892,0.234782609,0.748896723,0.296732801,0.389762544,0.313504655
Brionne,water,,50,69,69,0.277777778,0.372972973,0.3,0.950750751,0.292166772,0.392293114,0.315540114
Primarina,water,fairy,60,74,74,0.333333333,0.4,0.32173913,1.055072464,0.315934066,0.379120879,0.304945055
Pikipek,normal,flying,65,75,30,0.361111111,0.405405405,0.130434783,0.896951299,0.402598348,0.451981513,0.145420139
Trumbeak,normal,flying,75,85,50,0.416666667,0.459459459,0.217391304,1.09351743,0.381033402,0.420166562,0.198800036
Toucannon,normal,flying,60,120,75,0.333333333,0.648648649,0.326086957,1.308068939,0.254828567,0.495882617,0.249288816
Yungoos,normal,,45,70,30,0.25,0.378378378,0.130434783,0.758813161,0.329461866,0.498644986,0.171893148
Gumshoos,normal,,45,110,60,0.25,0.594594595,0.260869565,1.10546416,0.226149349,0.537868722,0.235981929
Grubbin,bug,,46,62,45,0.255555556,0.335135135,0.195652174,0.786342865,0.324992528,0.426194667,0.248812805
Charjabug,bug,electric,36,82,95,0.2,0.443243243,0.413043478,1.056286722,0.18934253,0.419623985,0.391033485
Vikavolt,bug,electric,43,70,90,0.238888889,0.378378378,0.391304348,1.008571615,0.236858628,0.375162629,0.387978743
Crabrawler,fighting,,63,82,57,0.35,0.443243243,0.247826087,1.04106933,0.336192787,0.425757661,0.238049551
Crabominable,fighting,ice,43,132,77,0.238888889,0.713513514,0.334782609,1.287185011,0.185590173,0.554320869,0.260088958
Oricorio,fire,flying,93,70,70,0.516666667,0.378378378,0.304347826,1.199392871,0.430773501,0.315474927,0.253751572
Cutiefly,bug,fairy,84,45,40,0.466666667,0.243243243,0.173913043,0.883822953,0.528009218,0.27521716,0.196773622
Ribombee,bug,fairy,124,55,60,0.688888889,0.297297297,0.260869565,1.247055751,0.552412262,0.238399363,0.209188374
Rockruff,rock,,60,65,40,0.333333333,0.351351351,0.173913043,0.858597728,0.388229927,0.409215328,0.202554745
Lycanroc,rock,,82,115,75,0.455555556,0.621621622,0.326086957,1.403264134,0.32463992,0.442982619,0.232377461
Wishiwashi,water,,30,140,130,0.166666667,0.756756757,0.565217391,1.488640815,0.111958953,0.508354164,0.379686883
Mareanie,poison,water,45,53,62,0.25,0.286486486,0.269565217,0.806051704,0.310153801,0.355419491,0.334426707
Toxapex,poison,water,35,63,152,0.194444444,0.340540541,0.660869565,1.19585455,0.162598741,0.284767525,0.552633734
Mudbray,ground,,45,100,70,0.25,0.540540541,0.304347826,1.094888367,0.228333781,0.493694661,0.277971559
Mudsdale,ground,,35,125,100,0.194444444,0.675675676,0.434782609,1.304902729,0.149010681,0.517797734,0.333191585
Dewpider,water,bug,27,40,52,0.15,0.216216216,0.226086957,0.592303173,0.253248686,0.36504315,0.381708164
Araquanid,water,bug,42,70,92,0.233333333,0.378378378,0.4,1.011711712,0.230632235,0.373998219,0.395369546
Fomantis,grass,,35,55,35,0.194444444,0.297297297,0.152173913,0.643915655,0.301971917,0.461702236,0.236325848
Lurantis,grass,,45,105,90,0.25,0.567567568,0.391304348,1.208871915,0.206804374,0.469501823,0.323693803
Morelull,grass,fairy,15,35,55,0.083333333,0.189189189,0.239130435,0.511652957,0.162870813,0.369760766,0.467368421
Shiinotic,grass,fairy,30,45,80,0.166666667,0.243243243,0.347826087,0.757735997,0.219953476,0.321013182,0.459033342
Salandit,poison,fire,77,44,40,0.427777778,0.237837838,0.173913043,0.839528659,0.509545175,0.283299248,0.207155577
Salazzle,poison,fire,117,64,60,0.65,0.345945946,0.260869565,1.256815511,0.517180122,0.275255949,0.207563929
Stufful,normal,fighting,50,75,50,0.277777778,0.405405405,0.217391304,0.900574488,0.308445089,0.450163103,0.241391809
Bewear,normal,fighting,60,125,80,0.333333333,0.675675676,0.347826087,1.356835096,0.245669746,0.497979215,0.256351039
Bounsweet,grass,,32,30,38,0.177777778,0.162162162,0.165217391,0.505157331,0.351925562,0.321013182,0.327061256
Steenee,grass,,62,40,48,0.344444444,0.216216216,0.208695652,0.769356313,0.447704709,0.281035214,0.271260076
Tsareena,grass,,72,120,98,0.4,0.648648649,0.426086957,1.474735605,0.27123506,0.439840637,0.288924303
Comfey,fairy,,100,52,90,0.555555556,0.281081081,0.391304348,1.227940984,0.452428547,0.228904389,0.318667064
Oranguru,normal,psychic,60,60,80,0.333333333,0.324324324,0.347826087,1.005483745,0.331515388,0.322555512,0.3459291
Passimian,fighting,,80,120,90,0.444444444,0.648648649,0.391304348,1.484397441,0.299410678,0.436977747,0.263611575
Wimpod,bug,water,80,35,40,0.444444444,0.189189189,0.173913043,0.807546677,0.550363783,0.234276475,0.215359741
Golisopod,bug,water,40,125,140,0.222222222,0.675675676,0.608695652,1.50659355,0.147499783,0.448479071,0.404021146
Sandygast,ghost,ground,15,55,80,0.083333333,0.297297297,0.347826087,0.728456718,0.114397096,0.408119371,0.477483533
Palossand,ghost,ground,35,75,110,0.194444444,0.405405405,0.47826087,1.078110719,0.180356656,0.376033183,0.443610161
Pyukumuku,water,,5,60,130,0.027777778,0.324324324,0.565217391,0.917319493,0.030281465,0.35355656,0.616161976
Type: Null,normal,,59,95,95,0.327777778,0.513513514,0.413043478,1.25433477,0.261316026,0.409391118,0.329292856
Silvally,normal,,95,95,95,0.527777778,0.513513514,0.413043478,1.45433477,0.362899787,0.353091684,0.284008529
Minior,rock,flying,120,100,60,0.666666667,0.540540541,0.260869565,1.468076772,0.454108858,0.368196371,0.177694771
Komala,normal,,65,115,65,0.361111111,0.621621622,0.282608696,1.265341428,0.285386302,0.491267896,0.223345802
Turtonator,fire,dragon,36,78,135,0.2,0.421621622,0.586956522,1.208578143,0.165483714,0.34885756,0.485658726
Togedemaru,electric,steel,96,98,63,0.533333333,0.52972973,0.273913043,1.336976107,0.398910146,0.396214807,0.204875048
Mimikyu,ghost,fairy,96,90,80,0.533333333,0.486486486,0.347826087,1.367645907,0.389964486,0.355710849,0.254324665
Bruxish,water,psychic,92,105,70,0.511111111,0.567567568,0.304347826,1.383026505,0.369559881,0.410380832,0.220059287
Drampa,normal,dragon,36,60,85,0.2,0.324324324,0.369565217,0.893889542,0.223741291,0.362823715,0.413434994
Dhelmise,ghost,grass,40,131,100,0.222222222,0.708108108,0.434782609,1.365112939,0.162786694,0.5187176,0.318495706
Jangmo-o,dragon,,45,55,65,0.25,0.297297297,0.282608696,0.829905993,0.301238938,0.358230088,0.340530973
Hakamo-o,dragon,fighting,65,75,90,0.361111111,0.405405405,0.391304348,1.157820864,0.311888585,0.350145189,0.337966226
Kommo-o,dragon,fighting,85,110,125,0.472222222,0.594594595,0.543478261,1.610295078,0.293251981,0.369245738,0.33750228
Tapu Koko,electric,fairy,130,115,85,0.722222222,0.621621622,0.369565217,1.713409061,0.421511849,0.362798141,0.21569001
Tapu Lele,psychic,fairy,95,85,75,0.527777778,0.459459459,0.326086957,1.313324194,0.401864049,0.349844663,0.248291289
Tapu Bulu,grass,fairy,75,130,115,0.416666667,0.702702703,0.5,1.619369369,0.257301808,0.433936022,0.30876217
Tapu Fini,water,fairy,85,75,115,0.472222222,0.405405405,0.5,1.377627628,0.342779292,0.294277929,0.362942779
Cosmog,psychic,,37,29,31,0.205555556,0.156756757,0.134782609,0.497094921,0.413513691,0.315345722,0.271140587
Cosmoem,psychic,,37,29,131,0.205555556,0.156756757,0.569565217,0.93187753,0.220582157,0.16821605,0.611201793
Solgaleo,psychic,steel,97,137,107,0.538888889,0.740540541,0.465217391,1.744646821,0.308881364,0.424464443,0.266654194
Lunala,psychic,ghost,97,113,89,0.538888889,0.610810811,0.386956522,1.536656221,0.350689296,0.397493468,0.251817236
Nihilego,rock,poison,103,53,47,0.572222222,0.286486486,0.204347826,1.063056535,0.538280142,0.26949318,0.192226678
Buzzwole,bug,fighting,79,139,139,0.438888889,0.751351351,0.604347826,1.794588066,0.244562469,0.418676222,0.336761309
Pheromosa,bug,fighting,151,137,37,0.838888889,0.740540541,0.160869565,1.740298995,0.48203722,0.425524891,0.092437889
Xurkitree,electric,,83,89,71,0.461111111,0.481081081,0.308695652,1.250887844,0.368627062,0.384591699,0.246781239
Celesteela,steel,flying,61,101,103,0.338888889,0.545945946,0.447826087,1.332660922,0.25429491,0.409666058,0.336039033
Kartana,grass,steel,109,181,131,0.605555556,0.978378378,0.569565217,2.153499151,0.281196097,0.454320299,0.264483604
Guzzlord,dark,dragon,43,101,53,0.238888889,0.545945946,0.230434783,1.015269617,0.235296009,0.537734939,0.226969052
Necrozma,psychic,,79,107,101,0.438888889,0.578378378,0.439130435,1.456397702,0.301352363,0.397129423,0.301518215
Magearna,steel,fairy,65,95,115,0.361111111,0.513513514,0.5,1.374624625,0.262697979,0.373566357,0.363735664
